"","spot1","spot2","spot3","spot4","spot5","spot6","spot7","spot8","spot9","spot10","spot11","spot12","spot13","spot14","spot15","spot16","spot17","spot18","spot19","spot20","spot21","spot22","spot23","spot24","spot25","spot26","spot27","spot28","spot29","spot30","spot31","spot32","spot33","spot34","spot35","spot36","spot37","spot38","spot39","spot40","spot41","spot42","spot43","spot44","spot45","spot46","spot47","spot48","spot49","spot50","spot51","spot52","spot53","spot54","spot55","spot56","spot57","spot58","spot59","spot60","spot61","spot62","spot63","spot64","spot65","spot66","spot67","spot68","spot69","spot70","spot71","spot72","spot73","spot74","spot75","spot76","spot77","spot78","spot79","spot80","spot81","spot82","spot83","spot84","spot85","spot86","spot87","spot88","spot89","spot90","spot91","spot92","spot93","spot94","spot95","spot96","spot97","spot98","spot99","spot100","spot101","spot102","spot103","spot104","spot105","spot106","spot107","spot108","spot109","spot110","spot111","spot112","spot113","spot114","spot115","spot116","spot117","spot118","spot119","spot120","spot121","spot122","spot123","spot124","spot125","spot126","spot127","spot128","spot129","spot130","spot131","spot132","spot133","spot134","spot135","spot136","spot137","spot138","spot139","spot140","spot141","spot142","spot143","spot144","spot145","spot146","spot147","spot148","spot149","spot150","spot151","spot152","spot153","spot154","spot155","spot156","spot157","spot158","spot159","spot160","spot161","spot162","spot163","spot164","spot165","spot166","spot167","spot168","spot169","spot170","spot171","spot172","spot173","spot174","spot175","spot176","spot177","spot178","spot179","spot180","spot181","spot182","spot183","spot184","spot185","spot186","spot187","spot188","spot189","spot190","spot191","spot192","spot193","spot194","spot195","spot196","spot197","spot198","spot199","spot200","spot201","spot202","spot203","spot204","spot205","spot206","spot207","spot208","spot209","spot210","spot211","spot212","spot213","spot214","spot215","spot216","spot217","spot218","spot219","spot220","spot221","spot222","spot223","spot224","spot225","spot226","spot227","spot228","spot229","spot230","spot231","spot232","spot233","spot234","spot235","spot236","spot237","spot238","spot239","spot240","spot241","spot242","spot243","spot244","spot245","spot246","spot247","spot248","spot249","spot250","spot251","spot252","spot253","spot254","spot255","spot256"
"Oprk1",7,18,8,8,4,4,0,9,3,9,28,40,21,10,6,12,4,5,3,3,1,0,13,15,6,9,38,20,15,22,14,15,7,11,15,9,22,8,17,11,8,17,25,9,12,15,21,1,3,1,25,18,25,13,7,7,10,6,20,16,18,14,10,10,9,12,7,6,13,5,9,10,7,1,0,0,5,5,4,4,3,3,2,4,6,3,6,3,7,18,6,5,14,19,11,11,20,20,12,27,18,10,23,10,16,33,11,12,22,14,4,0,0,2,13,6,6,5,8,27,15,6,21,11,4,21,20,16,19,28,11,3,9,7,9,8,6,19,7,6,9,6,8,17,3,6,10,17,5,2,22,19,14,21,5,19,12,9,12,10,7,8,26,20,20,30,19,18,11,25,12,4,19,28,2,2,2,1,10,7,12,19,11,17,9,7,3,9,6,6,20,10,11,4,7,8,6,8,4,6,5,6,7,4,7,2,1,5,4,3,2,3,6,0,3,4,1,16,8,8,13,8,3,11,18,8,7,16,2,8,10,6,11,9,25,12,3,12,4,7,0,12,6,4,13,4,4,12,0,31,25,17,16,4,5,1
"Fn1",0,24,3,69,25,17,1,183,38,13,37,10,44,70,22,0,51,112,20,33,82,106,167,4,90,12,124,2,2,54,53,70,46,29,23,2,4,4,27,99,2,25,54,78,2,8,3,1,3,2,11,0,6,2,16,1,48,87,3,68,39,43,27,21,21,24,53,47,5,44,18,32,38,55,11,46,4,67,19,11,25,21,54,110,19,22,39,81,36,95,65,1,39,15,23,7,13,56,5,21,72,66,20,108,25,2,1,1,19,76,1,4,1,3,35,49,2,45,3,55,16,32,19,42,17,1,2,39,54,9,3,2,19,9,29,9,53,6,1,22,32,38,45,16,8,10,64,19,25,12,11,4,59,2,20,14,18,9,54,5,10,54,18,9,3,10,3,10,29,27,0,153,2,98,5,33,32,5,3,32,16,45,12,5,1,36,38,28,12,23,3,12,10,7,73,12,11,4,61,20,1,107,1,15,75,55,6,49,58,98,14,22,87,0,89,40,44,48,14,2,20,33,45,21,26,44,12,130,108,37,0,2,3,16,2,1,0,0,71,36,146,19,61,94,12,8,0,3,2,2,6,2,27,44,58,0
"Gbx2",1,4,4,2,4,2,3,0,1,0,4,1,3,4,1,2,1,4,2,1,3,2,6,0,5,3,2,3,7,6,4,4,2,3,2,4,0,0,1,5,0,3,5,5,1,1,3,1,1,1,1,3,0,4,1,0,3,0,1,3,5,3,1,2,3,3,4,1,2,2,2,0,3,3,2,0,1,3,5,2,1,2,3,5,5,2,1,7,1,1,1,2,2,2,0,3,4,7,1,1,1,2,7,2,7,10,4,3,2,7,2,4,1,2,4,5,1,4,5,5,2,1,4,5,5,13,5,5,5,8,2,3,4,4,5,5,7,10,2,2,4,1,7,6,0,2,1,3,5,1,2,1,3,4,4,0,3,4,2,0,2,2,7,4,6,4,3,1,2,4,3,6,4,9,4,2,5,3,5,3,7,2,1,3,3,1,3,3,3,8,2,3,1,2,3,1,6,4,7,2,1,5,7,0,2,1,2,7,1,1,1,5,1,4,5,1,3,3,3,0,2,0,4,3,3,1,2,3,5,1,0,1,1,4,2,3,1,1,2,5,6,3,3,1,3,3,1,2,5,2,4,4,1,6,10,0
"Syt2",0,14,123,9,4,6,26,13,0,5,5,22,22,13,21,18,43,10,17,10,5,2,10,8,34,10,10,17,14,52,17,2,12,5,109,15,3,9,35,12,16,13,12,6,8,18,1,3,14,0,2,17,6,5,20,14,2,3,10,7,6,18,3,7,4,7,9,6,6,3,12,3,4,5,3,0,13,6,54,21,1,3,1,3,1,3,6,3,6,3,4,4,0,8,3,4,3,0,5,6,2,9,11,8,3,0,8,4,11,9,3,1,0,1,10,4,1,0,4,3,4,5,4,1,9,5,8,5,3,11,5,2,3,6,5,5,3,4,0,7,5,2,3,5,3,2,0,2,4,2,8,11,17,6,6,4,3,2,8,4,3,3,10,5,7,2,5,14,7,7,9,3,6,6,1,0,1,2,9,12,3,6,4,2,13,1,9,10,21,9,4,7,9,2,3,8,7,1,4,3,15,2,6,12,101,11,2,46,45,19,20,24,146,0,9,2,1,1,11,5,17,8,2,3,3,2,7,8,15,61,5,7,15,18,7,7,4,24,4,11,2,9,7,15,26,48,17,9,2,9,15,0,3,39,46,5
"Lmod1",0,4,4,0,3,4,1,3,1,5,9,1,3,7,1,3,0,3,0,0,0,1,0,1,4,2,0,5,4,4,0,3,2,1,4,2,2,2,1,3,1,16,5,4,1,3,2,3,3,1,1,2,2,2,6,10,4,21,3,15,4,4,3,2,5,6,6,2,6,3,2,1,2,2,2,0,0,3,1,1,0,5,4,35,8,11,2,16,4,29,1,3,2,2,6,2,1,2,3,4,3,3,3,3,12,1,4,8,7,11,6,1,0,1,3,3,1,1,3,3,1,2,8,2,1,3,1,1,8,4,2,0,2,4,0,1,1,4,0,15,11,73,4,3,1,1,62,2,3,0,8,2,3,0,5,1,3,2,2,3,1,2,1,3,2,6,3,3,4,5,4,5,0,2,6,1,1,2,3,6,1,0,11,3,6,1,2,6,3,6,3,1,5,3,4,0,1,0,1,0,1,1,4,2,2,4,8,2,0,49,2,1,3,0,4,2,0,2,5,1,5,3,3,3,2,3,7,4,5,8,4,1,5,3,2,7,2,5,1,4,42,3,8,2,3,3,1,1,1,4,3,5,2,0,0,0
"Rgs2",5,25,25,7,21,40,17,19,11,43,18,26,36,7,4,16,3,8,2,1,3,4,7,12,11,10,15,32,14,26,35,16,13,11,25,26,18,15,18,11,15,28,31,11,20,25,22,2,5,6,42,37,40,21,12,15,26,14,27,11,14,18,32,32,23,26,18,18,36,21,26,15,27,13,1,2,4,8,12,15,13,28,18,20,5,12,20,3,14,20,45,51,34,38,27,29,33,27,22,21,28,25,31,11,23,14,24,31,20,11,1,3,1,3,10,21,10,8,17,17,15,8,26,14,19,13,9,24,31,26,9,11,18,14,11,14,11,24,2,11,23,8,28,25,29,21,15,9,10,7,12,21,12,15,23,20,53,11,17,10,10,28,33,21,26,31,14,24,21,26,9,6,24,21,1,7,6,3,29,37,25,31,41,11,19,20,11,29,6,14,7,18,3,17,13,19,19,15,20,11,17,22,18,10,18,5,18,8,11,11,11,7,18,4,5,14,5,17,22,9,27,18,15,15,13,18,19,16,9,24,25,14,42,21,25,16,7,8,18,13,3,9,15,12,12,10,4,25,9,34,27,15,5,10,10,0
"Rgs5",1,24,0,38,29,37,4,57,30,6,77,15,9,94,16,5,26,122,5,5,15,17,49,18,89,11,37,4,7,23,105,37,24,9,17,6,7,4,2,67,3,173,73,11,4,19,1,2,1,0,38,21,6,13,5,168,30,77,7,286,10,9,11,17,24,27,6,41,12,76,104,220,5,31,1,63,5,69,9,66,22,45,62,92,57,48,16,266,25,276,19,5,87,22,91,6,13,117,3,21,110,26,8,67,193,8,2,2,110,134,0,70,110,12,128,49,6,9,6,54,17,76,10,179,79,15,3,45,18,52,3,2,6,4,56,7,68,20,8,23,9,17,77,30,1,18,81,79,154,18,5,5,17,29,34,12,6,9,65,3,22,14,16,3,5,96,3,21,23,31,3,106,6,75,12,273,36,2,3,178,111,45,75,60,5,79,63,110,40,170,1,8,55,4,21,7,94,11,13,44,4,63,12,3,125,49,57,45,50,25,17,16,29,0,58,30,80,106,69,3,6,53,14,5,7,3,9,100,22,202,0,8,1,40,4,106,3,1,43,23,0,32,152,33,17,28,1,14,0,2,5,4,30,56,44,1
"Rnd3",11,37,58,17,25,42,12,42,12,41,61,77,61,48,15,18,13,21,4,6,5,11,33,41,42,31,41,44,47,41,41,29,24,15,38,40,29,32,19,25,27,57,49,41,32,69,31,26,30,11,42,58,46,42,40,32,34,15,45,41,44,44,38,54,29,38,31,25,67,31,57,30,43,46,6,6,37,40,24,43,26,32,34,70,28,49,35,56,58,62,39,61,47,75,48,29,73,64,59,29,44,35,71,47,40,38,49,54,46,66,9,9,7,13,52,37,27,28,68,35,55,83,76,73,89,80,29,43,91,72,46,21,63,67,30,27,49,47,16,28,49,27,52,55,52,55,26,41,69,34,66,70,79,33,42,73,59,29,67,53,32,39,42,43,43,40,61,69,28,46,40,22,54,63,12,22,10,10,25,51,67,48,43,36,44,14,25,46,47,33,27,24,19,16,48,34,56,32,50,27,21,31,53,27,55,32,43,36,17,22,14,13,31,1,28,40,16,43,35,42,50,25,16,33,23,44,45,43,36,47,18,34,20,37,55,42,15,36,81,42,10,26,24,21,39,3,6,55,38,81,57,62,35,35,10,3
"Ermn",0,4,19,14,45,9,44,9,16,29,4,4,6,9,16,104,44,13,130,167,81,78,5,3,1,7,42,4,3,7,29,4,5,3,15,5,10,4,3,3,4,45,17,28,7,22,4,48,60,86,23,5,7,7,23,3,2,1,7,19,5,17,16,2,19,3,4,3,3,2,7,15,9,15,78,38,6,18,13,11,35,4,9,6,5,6,4,25,1,11,0,3,2,8,4,5,7,1,6,2,1,4,5,8,9,4,4,3,13,1,253,296,213,434,2,47,25,42,1,2,2,2,12,4,7,4,3,15,7,5,6,18,1,3,3,6,5,7,1,2,5,1,4,5,2,2,2,2,4,16,4,1,6,2,5,6,1,3,12,3,2,2,5,14,13,1,6,6,2,7,3,258,10,8,481,155,126,27,11,23,4,9,5,2,7,37,3,20,33,3,12,6,10,5,5,13,4,1,21,2,18,5,5,10,5,6,8,33,20,14,138,315,29,107,25,3,82,0,24,6,15,20,29,26,45,12,3,36,22,6,1,19,4,5,6,16,25,12,1,16,4,4,5,13,49,36,9,11,52,10,8,3,8,72,36,0
"Gad1",98,148,237,224,88,255,192,417,94,382,468,291,331,101,9,174,106,112,4,0,1,3,14,182,173,226,261,325,283,560,379,225,237,282,451,264,150,190,283,319,126,344,314,303,288,424,222,55,94,39,286,463,373,352,439,223,263,148,358,260,290,258,244,373,184,262,383,184,577,467,480,248,422,165,161,26,21,78,32,48,2,9,128,158,54,76,86,47,152,172,333,330,246,200,393,204,473,364,455,412,231,218,397,325,347,272,388,333,340,213,0,0,0,1,131,110,55,125,94,38,122,66,116,60,53,21,134,122,90,57,73,92,31,40,37,124,3,53,216,13,4,0,0,7,2,1,4,6,80,2,116,89,66,99,118,288,432,204,205,288,324,328,231,351,352,494,225,255,226,409,289,16,270,402,3,15,4,62,270,255,246,274,384,168,290,72,148,508,205,329,197,161,115,197,465,276,466,431,108,157,179,237,106,33,10,10,3,1,71,91,14,20,32,32,57,285,38,336,510,236,558,254,553,285,177,286,171,264,96,281,318,197,264,453,442,302,202,244,304,113,3,231,106,159,209,52,21,352,98,632,229,178,102,52,132,10
"Sp9",0,5,2,1,1,5,1,7,5,8,9,10,12,9,4,7,7,5,1,2,0,3,5,5,4,8,11,6,5,9,9,8,4,1,3,3,6,3,1,3,3,0,3,2,1,3,1,0,0,1,5,4,5,4,2,5,3,1,6,3,3,3,6,7,2,13,19,6,18,10,10,2,10,4,0,2,5,10,4,10,16,19,13,4,13,22,2,1,7,7,15,14,2,8,15,4,18,1,1,5,3,6,4,0,2,3,5,5,5,5,1,0,0,1,2,2,0,1,2,6,2,3,2,3,8,2,2,3,5,4,6,0,1,1,5,8,1,7,6,15,6,11,9,7,20,15,11,18,23,7,3,4,7,2,3,4,8,10,4,2,4,14,0,3,5,3,4,4,0,0,4,2,1,6,1,1,1,1,2,3,0,2,4,1,4,3,3,2,3,5,17,5,3,3,26,18,21,24,7,5,5,6,5,16,2,4,6,4,5,11,3,0,0,0,2,10,1,7,19,7,17,4,19,5,4,5,5,8,1,3,1,0,2,1,5,4,3,1,0,0,0,1,0,2,1,3,2,13,13,8,2,11,5,6,1,0
"Ttn",1,3,5,1,2,7,5,3,3,3,11,2,6,6,1,2,0,0,0,2,0,0,1,0,2,1,3,1,4,3,2,1,2,0,4,3,2,0,2,2,2,4,0,2,0,7,17,2,1,2,1,1,5,4,4,3,2,2,4,2,5,1,5,2,3,0,0,2,4,5,9,2,4,2,2,0,5,2,5,11,2,4,16,8,1,2,4,6,4,5,0,6,3,4,11,1,3,0,3,3,7,2,2,11,23,26,7,6,6,4,1,0,1,2,3,10,0,2,2,3,6,4,4,3,5,4,2,5,2,4,5,2,2,3,0,2,1,3,2,18,3,2,3,4,4,2,4,1,29,2,4,2,2,1,2,5,1,2,4,0,3,2,1,2,5,1,3,2,1,5,1,1,4,1,0,0,0,0,25,4,3,1,2,3,1,6,5,2,1,3,0,3,0,1,7,3,3,2,7,1,1,3,5,8,5,6,3,2,2,2,1,0,2,0,4,3,0,8,2,3,3,1,5,4,4,3,1,3,1,4,1,1,7,3,0,17,2,12,3,29,2,0,3,2,5,4,1,2,5,2,1,0,1,2,0,0
"Creb3l1",4,5,22,8,11,17,5,15,10,9,18,6,11,16,8,10,8,8,2,3,3,10,12,9,10,9,2,11,5,16,27,2,22,8,6,8,3,9,7,4,5,13,9,14,18,10,8,5,4,2,12,9,14,17,26,4,10,2,15,7,16,11,3,12,9,21,5,8,55,3,9,11,22,9,5,2,5,6,16,15,8,12,18,19,13,16,20,22,8,7,10,7,8,9,14,7,21,11,19,28,21,25,44,12,19,5,18,10,14,10,1,0,1,2,14,19,8,24,29,26,21,34,23,13,29,23,10,16,26,33,7,16,30,21,6,21,25,36,2,4,41,6,7,12,13,9,2,15,14,9,16,12,8,17,9,13,22,17,23,23,9,11,26,19,16,58,10,14,10,18,8,17,14,45,5,0,3,5,21,9,5,8,24,12,35,10,14,18,11,12,22,23,22,13,29,19,12,8,21,14,7,16,16,6,9,4,6,31,14,12,2,7,13,1,4,5,5,10,9,6,16,4,8,18,16,20,15,18,16,10,10,9,14,6,18,16,2,12,14,41,17,9,14,0,8,7,8,32,9,9,13,19,10,10,15,0
"Bdnf",0,26,16,4,14,13,13,9,8,7,11,7,12,15,2,4,3,2,0,2,1,2,3,6,5,7,11,9,6,15,19,2,3,2,17,21,16,11,9,7,4,13,31,11,20,27,10,7,4,5,13,18,16,8,10,14,9,3,32,9,10,11,5,6,13,3,7,4,14,14,3,7,5,3,2,3,7,3,4,5,5,7,8,18,12,10,12,6,11,16,6,10,7,14,13,22,16,14,15,7,15,29,15,19,22,6,5,14,7,2,5,4,2,2,6,7,14,1,5,5,13,12,25,6,26,23,19,16,37,11,21,24,22,37,16,25,7,12,3,6,5,2,5,10,8,10,3,5,19,2,44,14,34,17,16,18,11,4,25,47,9,6,37,35,18,9,11,31,14,9,11,5,20,15,2,3,1,7,30,14,14,12,11,12,19,27,14,7,9,2,4,12,5,3,16,9,11,4,9,7,4,5,10,23,5,7,4,11,5,8,4,4,2,2,6,13,0,8,6,3,3,7,5,14,5,10,15,35,15,10,5,4,11,20,8,15,6,8,8,6,5,7,17,3,14,29,15,12,12,13,5,13,2,26,4,0
"Ano3",4,9,8,10,11,7,3,15,14,10,25,25,25,5,7,11,2,2,2,1,4,1,6,20,7,9,18,13,10,25,11,9,10,19,4,4,7,5,6,10,10,9,13,8,6,12,4,0,3,1,2,9,4,11,4,6,6,6,9,6,11,15,12,16,6,15,4,10,19,17,16,5,20,4,4,2,8,3,10,7,7,9,4,8,6,7,5,9,10,11,13,13,7,22,14,10,16,11,12,8,11,5,13,8,8,6,8,3,6,0,0,0,1,0,8,4,4,2,2,9,5,10,12,8,6,6,3,5,7,8,6,5,7,13,9,7,9,2,1,5,8,4,5,6,5,4,3,4,7,7,8,11,4,6,9,2,28,11,15,4,19,17,4,13,14,11,1,2,4,10,8,2,5,4,3,2,0,4,7,1,5,7,5,5,9,0,12,9,8,5,11,4,7,3,11,11,22,8,3,4,3,5,5,6,5,4,2,2,5,5,1,2,5,1,2,7,2,20,9,8,14,10,1,16,10,5,9,11,7,16,13,6,8,9,16,6,5,4,6,7,1,4,2,5,6,3,2,17,14,16,13,24,9,7,9,0
"Bmp7",0,24,17,12,10,19,9,31,5,6,26,4,12,24,8,14,9,15,4,2,4,58,8,19,12,7,4,22,21,9,18,10,25,15,9,4,3,15,9,17,6,34,15,10,17,14,5,2,8,7,10,13,16,15,17,6,15,8,22,22,7,18,26,11,12,26,11,9,27,7,10,14,11,24,10,3,11,10,7,27,5,22,10,52,5,9,6,34,20,19,5,19,5,9,10,11,10,17,28,13,14,7,13,34,8,5,16,14,5,9,6,4,1,1,23,12,9,7,8,3,8,10,18,11,10,12,4,19,19,4,13,25,11,13,8,17,11,15,2,16,7,10,7,18,11,14,26,22,20,16,19,23,28,13,17,6,5,8,18,9,5,4,10,21,13,21,6,17,5,15,14,32,12,17,1,1,7,3,9,11,12,11,21,14,14,9,27,21,10,34,18,8,9,6,13,109,14,3,28,4,8,8,23,25,9,16,36,15,9,7,3,2,8,1,8,11,5,10,11,7,12,8,10,10,16,10,17,12,62,21,5,3,4,18,11,20,7,6,8,2,33,13,18,6,20,5,4,4,10,15,11,10,13,9,11,2
"Ntsr1",4,4,4,2,3,14,2,14,7,14,29,5,2,6,2,16,7,21,0,2,2,1,1,3,2,2,6,12,6,9,27,4,2,6,7,12,10,10,8,3,2,7,7,10,5,7,1,1,2,0,11,7,15,7,7,10,18,2,9,1,14,8,15,12,7,15,27,1,20,23,10,6,31,14,5,0,1,10,1,13,5,8,2,0,6,8,6,5,1,11,20,10,10,2,25,4,40,6,17,7,4,11,4,6,16,5,6,6,8,6,1,1,0,0,6,1,8,2,5,15,11,4,16,10,14,5,6,5,10,6,5,3,12,4,3,12,1,12,1,3,5,2,13,4,2,1,3,2,20,5,11,19,31,5,9,15,14,8,12,28,15,12,24,11,2,6,12,8,3,13,12,4,7,6,3,0,0,2,6,4,8,12,8,4,8,4,6,12,3,4,4,4,1,5,21,7,16,12,3,3,5,8,4,13,3,2,3,2,6,4,1,2,8,2,14,19,1,13,8,4,21,5,8,8,1,10,8,15,5,12,7,7,17,18,4,3,6,1,2,1,3,1,8,1,6,13,4,11,3,17,1,1,1,18,3,3
"Oprl1",9,90,159,50,63,125,31,92,60,92,137,154,125,102,51,36,44,44,17,13,10,17,55,100,100,101,110,145,100,154,143,85,53,83,140,114,113,72,74,94,52,138,131,50,82,147,55,25,36,15,118,146,162,154,131,102,146,80,130,56,116,136,99,134,99,155,67,64,177,77,106,60,123,84,23,15,64,79,116,120,88,104,81,108,64,94,71,64,99,116,95,125,78,91,112,96,148,120,183,140,95,108,147,96,110,103,130,145,134,61,15,3,3,8,64,23,57,21,43,73,106,89,157,81,116,95,61,96,123,95,77,55,54,68,47,75,13,48,41,70,22,33,76,51,101,109,43,66,108,74,122,112,69,42,65,106,111,72,115,105,93,97,82,85,98,80,138,137,73,153,113,16,122,152,5,11,4,23,111,126,117,112,116,69,145,74,77,108,123,86,97,67,42,32,163,128,149,60,80,41,39,51,143,96,73,51,78,85,73,47,30,3,67,2,38,93,21,102,102,81,102,74,99,114,68,91,112,128,110,119,87,61,98,92,107,120,56,75,83,61,3,40,82,42,63,70,38,132,66,136,98,119,65,81,53,1
"Dgkk",3,42,89,55,38,46,73,20,30,32,53,18,36,48,19,13,7,12,4,4,2,1,17,19,62,10,26,41,34,32,36,4,8,17,93,56,48,43,73,67,23,85,76,54,37,44,26,22,31,3,80,86,77,47,52,35,48,19,48,22,25,37,32,33,26,42,29,13,12,11,42,51,39,19,0,2,42,16,38,24,13,4,32,25,15,12,24,7,48,51,16,13,9,24,11,40,29,40,28,50,38,26,69,50,49,61,60,47,50,34,3,2,1,1,10,24,19,19,31,47,77,73,59,34,44,36,15,36,34,32,28,26,19,39,17,40,2,29,4,14,11,2,4,11,0,3,7,16,19,11,33,55,67,21,36,35,19,5,47,60,19,22,75,43,28,40,62,92,36,89,78,6,65,103,0,4,2,19,82,79,60,52,61,21,33,38,17,15,32,41,43,53,27,12,6,22,23,6,35,5,14,10,33,8,38,22,7,27,7,32,19,1,26,0,9,15,10,17,23,15,47,17,20,32,39,17,55,16,21,50,48,32,116,130,142,76,51,34,47,34,1,32,29,40,43,11,8,30,34,43,22,30,39,37,17,0
"Arhgap36",1,75,80,91,97,73,23,29,75,118,163,19,59,62,24,4,6,22,4,0,2,3,9,10,108,33,12,93,100,72,69,40,58,60,100,47,103,24,95,59,24,244,136,61,95,134,5,19,10,2,16,176,120,121,169,105,117,61,152,86,93,89,52,79,54,158,85,89,114,93,133,34,106,136,10,5,13,76,46,43,5,5,15,117,52,52,62,58,47,87,132,149,50,120,200,243,176,199,233,44,212,133,164,127,156,155,127,288,113,27,14,2,0,3,19,11,32,34,25,49,74,106,125,129,135,85,48,59,143,50,68,49,60,99,63,138,4,88,3,5,10,9,1,6,6,3,8,8,58,1,107,57,107,57,111,105,169,119,137,204,254,148,243,104,142,189,55,85,74,94,81,21,109,178,2,1,2,31,181,110,168,129,133,78,70,82,119,60,49,45,117,159,40,36,257,134,54,60,130,54,94,154,319,14,38,6,7,12,13,5,8,2,12,6,8,19,9,9,32,40,72,74,32,112,76,18,18,105,29,65,81,41,119,168,129,100,118,58,25,41,5,17,41,39,47,13,11,92,31,28,24,36,37,8,64,0
"Brs3",1,4,4,3,3,12,1,3,1,1,4,3,8,5,2,0,4,0,2,3,2,2,10,1,1,7,0,8,1,1,12,0,8,4,12,6,3,3,21,8,9,30,12,5,29,11,8,0,1,1,21,30,40,48,22,3,23,8,7,2,7,2,2,8,6,5,4,3,1,7,4,4,5,1,1,1,2,1,3,5,5,5,7,4,2,7,0,2,2,1,2,6,3,6,3,4,10,11,17,10,8,14,7,11,1,3,29,21,16,10,2,0,0,0,2,4,1,0,8,3,5,1,8,6,10,3,1,11,6,4,2,4,4,6,6,10,2,6,2,1,2,3,2,2,5,5,0,1,9,0,4,12,1,1,9,10,0,2,3,8,1,5,11,5,4,23,4,5,12,28,13,7,28,34,1,0,1,2,47,49,48,31,59,11,12,10,2,11,3,3,8,4,4,2,7,6,7,5,3,1,1,5,4,2,1,0,5,5,6,3,2,2,2,2,3,9,2,3,0,1,9,4,8,6,2,1,6,8,12,5,14,3,16,3,13,22,1,4,17,3,1,2,2,1,4,7,3,4,10,3,6,2,1,8,3,2
"Gpr165",60,134,203,113,133,211,86,88,125,113,119,113,89,110,31,38,38,17,10,10,5,13,74,77,126,87,82,123,128,129,162,72,68,127,163,222,177,88,100,113,124,165,152,104,190,221,128,42,81,17,197,305,328,285,157,200,174,102,235,115,157,161,133,134,127,205,102,91,219,77,142,68,140,60,18,6,72,76,86,109,61,61,51,87,62,52,163,66,104,155,160,106,69,148,147,196,172,217,236,362,132,212,294,221,306,209,274,200,181,137,8,8,1,7,124,39,37,28,50,76,170,54,236,93,182,173,132,129,269,98,229,159,82,193,132,192,22,35,13,33,27,15,50,44,36,60,40,41,110,46,256,182,184,140,168,150,130,85,254,293,168,139,247,239,286,309,213,288,192,268,190,21,231,212,7,8,3,32,221,164,277,236,292,183,192,169,113,192,124,196,181,117,124,64,249,163,313,54,114,92,44,105,156,83,83,66,39,102,72,47,52,8,42,3,60,114,21,105,106,137,100,92,151,140,124,100,193,266,166,198,208,92,208,175,178,312,64,202,223,56,5,144,103,56,71,56,18,118,181,116,91,96,77,80,50,2
"Ar",5,39,88,23,22,32,18,32,28,41,53,36,47,42,5,17,12,13,2,2,1,2,13,32,31,23,34,44,30,39,60,27,32,38,67,45,26,25,54,48,23,92,49,22,46,72,27,13,18,10,79,88,85,79,68,38,81,29,69,41,36,53,29,38,46,57,38,27,43,43,48,15,24,23,6,6,14,36,32,28,14,29,42,36,22,22,18,11,22,35,24,31,41,35,51,34,46,49,80,96,62,34,87,62,42,26,70,71,49,36,4,0,0,2,36,9,12,2,9,70,47,27,112,31,47,49,12,37,63,57,22,24,22,15,19,37,5,40,15,9,7,14,30,24,44,36,26,27,26,26,21,46,23,11,16,28,24,29,20,25,52,46,50,66,55,57,37,65,34,99,39,8,70,92,0,3,2,11,117,63,48,78,86,39,65,48,29,64,50,53,45,24,35,10,54,35,58,37,23,14,23,22,36,22,19,17,17,13,34,14,13,1,23,0,6,34,2,37,18,15,59,41,47,55,42,22,31,42,33,32,64,18,65,57,51,27,17,12,23,27,3,4,33,15,20,68,13,33,43,68,16,39,34,34,20,1
"Pcdh11x",4,59,72,29,46,85,41,22,62,31,49,19,25,15,29,21,10,15,14,5,1,5,7,19,10,17,35,27,27,30,45,25,31,12,47,55,26,25,16,39,33,77,68,42,52,89,26,36,32,21,64,60,93,69,60,64,50,28,76,22,44,30,29,50,23,31,16,11,17,32,33,5,14,25,18,7,18,7,14,13,41,50,15,7,8,15,25,22,34,25,6,13,9,23,18,47,31,33,50,71,43,46,47,60,84,52,51,69,94,40,6,7,5,10,39,38,28,20,36,19,47,38,68,30,36,50,22,37,60,14,33,31,19,26,10,38,2,23,4,7,6,2,22,13,6,34,11,21,17,53,74,37,47,19,23,15,30,16,44,60,20,12,52,62,36,78,61,74,39,40,44,22,57,86,15,3,0,9,83,62,83,70,50,47,73,37,35,28,39,40,15,18,43,13,28,29,27,13,32,8,8,19,55,51,22,19,19,14,15,8,9,7,11,0,23,35,11,27,36,14,18,14,12,33,21,37,37,51,47,52,48,37,63,39,50,78,22,37,33,52,1,29,47,28,31,8,15,31,29,57,58,31,11,19,21,1
"Sytl4",0,7,12,17,7,6,7,4,9,8,15,21,17,9,4,3,0,6,2,1,4,4,4,8,7,9,21,10,11,21,18,9,16,11,13,13,3,18,1,10,9,5,5,6,5,2,1,8,3,2,8,2,9,17,12,17,3,3,21,6,14,23,12,10,15,42,35,18,16,10,31,8,24,12,2,3,3,4,4,6,6,2,9,7,3,5,17,6,7,33,21,20,17,20,33,22,25,19,20,17,11,15,11,33,12,23,15,12,13,10,3,1,0,3,6,12,3,8,7,21,13,10,36,17,29,15,11,21,23,19,14,16,21,9,29,14,8,7,1,11,11,5,5,3,7,2,4,5,4,2,7,9,28,22,27,12,10,10,22,37,40,13,8,14,30,17,10,13,5,13,17,6,6,20,4,1,6,0,14,12,15,8,14,9,9,3,16,21,16,7,32,25,15,21,17,17,21,11,12,7,6,14,10,3,4,2,6,5,6,3,2,4,2,2,4,8,4,7,19,14,13,10,17,12,11,10,15,15,9,8,12,10,13,19,10,5,11,5,4,8,0,0,3,10,8,2,3,10,6,11,11,7,2,8,2,0
"Nup62cl",0,3,1,1,2,1,1,1,5,5,4,9,5,7,1,1,1,2,0,0,0,1,5,4,1,1,3,5,6,5,9,4,4,3,3,4,5,2,3,1,0,9,3,5,4,5,1,1,0,3,4,3,3,3,6,1,4,1,4,3,3,3,5,3,2,1,4,1,5,4,6,3,4,1,0,1,3,1,4,4,2,1,6,4,0,3,2,1,1,5,4,0,2,5,4,5,10,1,5,6,4,5,7,5,5,3,4,0,6,5,3,4,2,2,4,3,2,4,5,6,4,3,8,3,3,2,6,2,9,2,4,2,9,5,5,5,8,10,1,1,2,3,8,4,5,4,1,4,1,2,2,5,3,0,2,4,5,2,6,6,5,7,6,4,3,7,0,5,1,1,4,0,8,5,1,1,0,3,5,5,8,3,3,2,4,1,7,3,0,9,4,4,5,3,4,3,10,2,5,2,1,2,2,1,0,1,4,4,1,1,1,1,2,0,2,6,1,2,3,3,0,0,3,2,4,2,3,4,0,3,4,1,1,2,2,5,3,3,2,2,1,3,1,0,2,0,1,6,4,6,5,4,2,4,0,0
"Irs4",41,108,104,72,99,125,28,104,109,100,246,204,161,72,6,11,8,12,2,13,11,8,53,59,60,72,135,126,69,91,155,91,83,98,81,76,73,45,106,168,47,211,157,93,148,171,83,23,16,5,140,258,188,170,203,93,175,66,92,99,70,79,117,206,115,109,113,53,152,79,61,64,110,62,6,15,43,49,42,22,4,11,29,88,60,13,139,95,116,201,113,60,67,157,139,108,136,162,192,205,110,112,257,261,203,127,371,208,309,71,1,3,1,3,34,21,15,18,32,125,208,44,186,145,278,147,74,111,154,79,119,106,45,114,94,134,21,105,1,61,12,3,17,9,7,13,10,15,66,6,176,209,206,103,149,118,58,84,215,232,80,119,198,159,105,262,162,272,172,233,204,34,219,449,1,28,3,11,341,226,189,187,303,101,110,97,78,159,108,99,180,66,70,84,154,113,128,76,64,32,29,44,100,12,48,33,1,34,40,52,3,0,24,2,29,76,17,167,120,103,147,65,75,85,68,56,130,43,44,66,235,101,219,165,197,121,129,56,38,23,3,94,78,28,108,157,26,78,62,244,123,141,78,83,5,1
"Pak3",28,169,224,85,139,220,76,118,109,138,176,175,145,109,42,49,47,53,12,12,7,12,56,82,105,95,140,155,124,144,238,77,159,49,241,230,124,88,132,142,121,239,189,95,161,248,98,44,80,26,201,243,262,192,218,128,208,64,143,106,113,122,97,184,127,202,120,42,170,147,179,89,97,78,37,12,67,60,69,100,64,111,80,120,69,92,86,59,102,152,120,106,92,142,146,102,188,138,211,203,119,142,220,149,182,193,239,201,218,86,29,12,10,34,79,35,59,52,75,118,177,129,240,134,159,171,82,125,190,153,103,74,52,70,90,131,27,75,27,61,28,37,88,72,92,85,45,57,82,55,149,138,107,93,82,123,151,89,116,149,131,139,171,166,156,191,146,196,131,200,202,55,225,327,33,18,23,45,327,243,196,224,276,112,227,137,131,183,86,161,119,89,52,76,178,177,240,91,91,44,52,81,93,77,76,29,73,71,69,50,19,20,68,9,57,128,27,119,134,109,152,100,136,170,115,149,205,205,166,159,178,144,192,194,197,245,131,113,180,134,10,109,114,99,115,134,76,134,158,222,148,117,88,107,53,2
"Htr2c",37,29,101,21,48,50,4,41,48,27,48,65,106,16,12,16,19,5,0,2,0,0,27,36,32,42,50,64,41,131,43,28,36,74,21,12,22,13,27,16,11,25,68,59,40,25,25,9,4,3,25,46,52,32,27,38,62,22,41,32,32,28,14,61,23,17,13,33,44,29,59,16,35,32,9,3,31,31,21,30,12,11,45,58,20,35,15,14,41,19,51,47,39,46,39,12,47,46,58,75,24,32,33,26,48,60,37,33,28,18,1,0,0,0,16,20,11,7,19,22,29,31,37,12,31,14,26,18,38,14,29,25,4,14,17,22,1,9,17,19,28,14,22,23,6,11,8,39,93,2,38,45,32,7,25,39,34,19,40,63,23,34,27,38,61,49,64,59,21,31,38,8,33,46,1,1,1,0,26,12,20,40,33,42,45,31,30,52,63,41,14,18,9,19,24,59,75,19,34,5,37,23,32,47,6,2,2,7,24,35,1,2,14,1,19,24,1,37,89,9,84,50,82,66,40,70,15,49,50,65,29,20,27,46,14,43,2,66,34,16,2,36,71,5,23,2,6,47,40,88,50,51,26,16,5,1
"Grpr",2,6,5,1,2,11,1,6,2,2,6,1,7,5,8,8,6,6,1,6,1,10,4,7,6,5,3,4,3,6,10,2,6,13,5,7,8,6,5,2,4,8,9,3,5,8,3,0,2,3,7,10,10,15,8,3,11,4,2,7,8,4,1,6,7,11,4,2,8,7,7,6,2,6,0,1,4,6,8,6,10,11,10,13,9,6,9,13,20,14,0,2,6,9,2,6,23,29,19,4,4,3,19,14,6,6,11,38,10,6,4,1,1,2,5,10,3,14,12,13,20,13,9,10,17,7,6,14,32,44,3,5,8,10,6,20,4,26,4,8,11,3,3,1,6,5,7,3,7,3,10,19,18,12,10,6,7,2,10,12,2,1,12,23,5,17,4,13,2,8,6,8,6,11,3,0,2,2,11,3,12,4,19,6,10,4,1,7,6,2,5,5,5,5,11,17,9,6,5,1,2,2,14,9,3,3,6,6,6,8,2,1,2,1,6,4,1,1,12,6,5,3,9,7,5,2,5,3,8,12,2,1,3,11,8,4,1,7,6,17,1,0,2,3,3,8,5,3,6,5,4,5,6,10,4,1
"Ace2",0,3,2,0,2,0,1,2,3,0,11,1,1,2,0,1,0,7,1,1,2,0,3,2,4,1,1,1,0,2,5,1,0,1,0,0,3,3,2,2,0,8,16,3,5,2,1,2,0,2,1,11,1,5,4,7,0,9,5,8,0,3,3,3,5,5,6,3,1,4,18,5,0,1,0,1,2,1,1,0,3,5,3,0,3,9,0,11,2,9,1,4,3,2,3,1,2,10,4,1,6,3,5,3,7,4,4,4,5,3,1,8,4,1,13,2,3,2,3,5,1,4,2,6,10,2,2,4,7,15,3,2,4,1,1,0,4,5,0,3,1,0,3,1,2,3,3,3,6,1,3,4,3,3,2,3,0,4,4,1,4,0,7,1,1,8,3,2,0,3,1,3,6,2,0,8,1,2,3,11,10,2,4,4,2,2,1,6,4,4,4,6,5,2,3,3,7,1,0,1,1,3,1,2,2,0,6,9,3,1,1,0,1,0,2,0,0,0,0,0,2,6,1,1,1,1,1,7,3,13,1,0,1,2,0,5,0,2,3,0,0,1,16,0,1,12,1,2,2,10,1,4,2,1,2,0
"Tiparp",1,14,33,10,20,9,9,7,7,18,9,17,16,11,3,9,4,12,5,1,4,4,6,3,15,12,9,10,13,19,13,1,16,15,10,9,6,12,4,10,6,11,14,13,12,20,8,2,9,5,17,14,16,21,28,15,17,8,14,14,18,26,6,5,9,9,13,17,14,4,20,17,9,8,4,3,4,3,5,13,5,6,15,19,8,7,5,8,5,8,7,9,4,14,12,6,11,17,16,17,16,10,12,19,14,9,14,9,18,16,7,5,3,1,10,11,3,14,36,17,16,25,25,21,18,33,2,8,28,18,12,6,17,18,7,5,22,31,4,17,23,13,8,10,7,15,7,14,10,15,10,9,8,5,8,10,2,6,13,9,4,10,19,10,11,9,13,13,5,11,10,6,22,21,3,3,0,4,35,24,21,7,14,14,15,5,8,8,6,12,8,6,15,6,13,6,13,17,17,5,3,7,12,16,5,2,14,8,8,7,2,5,5,1,7,8,6,8,11,10,21,5,10,3,4,10,16,11,9,19,4,4,12,13,11,11,9,11,21,14,4,11,5,7,13,9,5,7,6,16,15,12,5,9,12,1
"Rxfp1",1,10,3,24,4,1,2,2,12,13,5,6,1,3,1,4,1,3,0,1,2,1,1,0,2,3,2,5,3,1,14,5,2,3,9,15,7,5,10,8,5,11,2,18,7,9,1,1,2,1,4,3,5,11,2,2,2,2,4,2,18,8,12,6,3,4,0,2,2,2,3,3,4,1,1,0,1,5,1,7,43,49,10,8,2,10,14,7,6,1,4,3,3,7,0,1,6,13,8,2,1,3,3,5,1,6,3,2,3,1,1,1,2,0,10,2,2,3,4,2,4,5,4,2,4,2,2,5,7,6,7,1,4,13,1,4,1,5,7,0,8,4,40,7,23,77,4,3,6,21,7,6,4,5,9,6,5,1,8,15,7,12,5,1,3,4,3,3,2,5,2,3,5,5,0,1,0,1,7,7,4,3,2,2,2,3,1,5,2,15,6,1,7,1,3,5,1,2,3,1,6,0,5,4,0,0,33,8,2,2,2,2,3,0,6,5,3,4,4,1,3,1,0,2,0,2,6,12,10,7,28,3,15,17,13,2,14,7,3,3,0,12,6,5,5,7,0,4,13,6,4,2,2,1,2,0
"Npy2r",7,24,42,18,14,16,9,15,23,47,25,39,45,22,8,11,6,14,0,5,6,11,4,8,16,5,25,22,8,60,31,12,12,5,30,30,8,12,17,22,18,38,39,49,38,39,13,13,9,2,20,42,37,49,46,39,37,11,44,32,22,28,15,29,7,11,8,3,13,7,14,10,15,23,4,1,10,5,8,14,8,7,13,36,11,5,39,24,55,14,11,15,6,18,36,67,33,41,68,70,29,27,34,27,67,52,45,45,36,28,1,2,3,4,43,29,15,11,59,53,77,95,79,50,69,85,59,46,90,59,51,25,96,83,17,55,74,80,6,9,67,5,14,14,7,19,4,6,39,9,124,57,105,14,39,28,33,18,63,85,17,9,58,52,65,50,67,65,25,70,88,23,50,100,6,3,1,4,69,32,48,74,17,37,40,61,55,26,24,5,29,8,4,5,35,10,8,24,10,9,4,15,10,24,5,5,3,8,7,13,5,11,18,5,6,12,9,20,23,10,30,10,6,17,5,18,7,7,5,9,6,10,42,16,6,74,18,6,24,14,6,8,9,19,36,36,15,20,20,29,10,32,9,32,21,9
"Ntng1",1,11,4,0,5,10,1,1,5,7,12,12,4,7,8,5,6,6,1,0,1,5,1,7,5,4,4,5,10,13,12,6,2,11,5,6,3,3,20,6,6,21,21,3,11,14,6,3,0,1,22,23,20,17,6,5,3,10,4,5,11,13,7,19,4,11,7,3,5,8,11,5,3,11,0,0,6,10,12,38,37,78,42,30,13,45,7,9,2,9,9,11,2,8,12,2,5,12,8,11,11,5,7,6,5,8,19,20,8,4,0,0,0,0,7,5,2,4,4,4,6,6,4,5,3,4,5,4,6,8,11,7,6,7,4,3,3,9,13,21,7,22,78,63,80,102,33,26,55,45,12,6,17,2,8,13,3,8,12,10,4,4,5,31,12,13,5,7,8,28,7,3,11,24,0,0,0,0,24,12,12,25,6,7,9,4,9,12,8,3,6,6,4,6,10,8,5,2,12,3,1,5,24,32,5,5,50,11,0,1,1,3,8,1,1,6,2,4,6,1,1,0,2,6,7,2,7,4,4,5,11,2,12,12,2,7,0,3,1,2,0,2,11,10,10,4,2,4,9,14,7,5,1,3,7,1
"Col25a1",0,144,88,14,32,40,35,67,100,191,141,80,103,178,75,32,44,35,20,2,4,1,38,87,68,145,116,96,176,204,274,73,45,48,71,140,148,99,24,57,41,40,135,63,8,89,18,16,18,2,39,39,63,47,31,29,75,3,26,65,25,49,52,101,42,51,136,55,169,160,205,63,76,26,6,5,51,79,80,49,8,13,60,89,23,25,21,57,35,32,22,34,21,44,75,57,114,49,51,81,37,65,54,39,28,54,17,42,19,28,0,1,0,2,16,18,15,38,2,48,75,15,210,82,157,127,14,129,82,111,56,27,51,36,75,49,6,50,6,28,4,4,8,22,24,23,24,42,73,3,30,77,37,18,30,42,34,28,21,84,29,46,60,40,77,92,44,72,35,96,12,2,20,17,2,1,0,4,48,11,15,18,57,28,127,11,40,81,87,48,64,20,86,63,63,34,291,111,56,71,20,66,104,34,99,19,2,10,62,110,58,11,25,1,44,140,26,154,182,107,94,105,73,69,93,137,150,169,118,119,47,45,100,62,23,24,110,29,30,5,5,1,46,49,156,66,14,105,96,121,113,99,77,74,53,0
"Tacr3",1,13,21,14,15,10,9,14,7,8,8,13,86,15,7,5,16,11,2,2,4,7,8,13,19,6,11,16,5,6,12,3,7,13,11,11,4,11,3,6,12,12,15,21,9,15,3,5,3,1,6,9,6,12,13,8,13,3,18,4,8,11,7,10,16,17,18,8,13,9,17,6,9,14,4,2,17,9,14,10,6,5,9,15,9,9,5,8,10,12,11,14,3,5,6,13,13,16,17,10,19,12,14,11,14,12,6,9,21,6,0,3,2,1,8,3,7,9,6,9,11,14,12,15,7,16,12,6,17,15,14,3,10,9,6,9,4,6,15,11,10,4,12,10,4,14,6,8,16,7,8,13,22,7,9,10,2,10,12,14,12,3,11,9,8,6,12,14,8,3,12,3,21,24,5,2,2,11,14,13,13,9,4,11,12,5,12,15,30,8,13,12,10,6,13,13,15,12,20,3,6,2,22,20,15,4,10,20,14,6,2,6,10,1,5,12,5,15,11,11,25,7,14,9,3,5,13,18,11,14,11,10,5,14,7,23,4,11,8,6,5,11,8,6,13,14,18,15,7,17,15,10,3,13,11,2
"Cenpe",0,6,7,4,3,4,5,4,5,5,7,11,3,13,7,3,4,6,3,5,3,6,7,10,7,8,7,9,8,6,11,1,5,5,7,10,4,7,5,6,2,5,12,16,5,11,4,3,5,1,11,7,10,14,12,6,16,6,6,12,8,10,11,17,5,16,5,7,14,3,16,8,10,6,3,4,8,5,10,12,4,15,7,7,8,9,3,9,9,10,9,11,7,4,8,1,10,3,6,4,3,10,10,9,9,4,11,13,9,7,4,7,3,4,15,16,3,5,11,12,12,14,9,9,10,11,10,16,17,20,4,3,8,6,3,4,12,14,2,4,5,5,9,2,2,9,2,6,5,3,13,10,12,6,1,1,5,7,6,7,7,5,5,3,9,9,4,14,6,9,8,9,12,13,10,2,0,2,5,9,8,9,14,11,12,4,4,14,3,5,9,3,6,4,14,15,7,7,11,7,3,5,4,9,1,4,8,8,3,5,2,2,0,2,5,8,2,8,8,5,10,2,11,5,7,3,7,8,6,4,0,1,1,1,3,6,4,9,4,7,3,2,3,3,9,7,1,9,8,10,10,10,6,4,6,1
"Cyr61",0,12,3,3,11,6,4,12,4,1,7,4,8,11,4,9,16,5,3,1,5,5,7,8,13,8,7,9,9,12,10,3,7,9,10,3,3,9,4,7,12,5,14,21,20,15,1,8,2,4,10,5,10,15,21,8,7,5,18,18,10,20,7,14,12,14,7,12,14,12,9,4,10,9,6,0,17,3,4,3,4,1,8,11,4,7,19,4,4,14,4,15,6,9,9,19,10,10,14,14,5,11,8,21,12,7,11,10,5,24,2,2,1,2,60,51,9,28,99,42,54,59,56,28,47,51,13,12,90,65,5,1,109,52,7,2,119,97,2,6,126,27,6,11,8,8,20,14,10,6,6,17,8,1,4,4,1,5,12,8,5,4,11,26,7,12,7,9,8,7,17,34,7,16,9,17,6,11,10,14,10,8,12,3,14,3,15,14,4,14,4,4,6,3,6,6,5,11,17,7,3,3,8,8,9,4,5,7,0,0,1,3,9,1,16,6,6,19,12,6,1,7,2,10,4,6,8,8,3,14,13,1,4,10,11,7,0,3,6,2,32,9,4,3,4,3,5,7,2,8,17,6,3,3,6,2
"Gem",0,4,1,3,5,8,3,11,3,2,3,8,7,3,2,2,2,2,1,0,1,6,1,5,2,2,3,4,3,2,4,2,3,7,5,0,4,6,3,1,3,3,4,4,3,5,1,4,2,1,2,10,5,7,3,3,4,1,4,17,6,8,6,7,3,13,6,2,8,4,7,1,4,1,3,0,0,1,2,2,0,3,4,9,7,2,14,3,2,11,0,4,3,4,5,12,1,9,7,13,2,8,8,7,17,11,11,2,13,7,1,1,1,1,12,19,9,6,5,8,17,12,13,11,11,11,4,8,36,21,2,2,11,14,10,9,15,10,1,2,6,6,0,4,1,3,3,6,6,2,8,8,4,2,0,3,2,2,7,10,3,3,11,10,2,13,18,15,4,4,19,5,11,17,2,6,0,1,6,4,20,5,6,4,5,0,3,9,8,10,13,6,5,10,6,6,3,2,9,2,1,12,13,3,5,2,2,5,2,3,3,1,0,2,1,3,0,3,3,5,4,4,1,8,5,2,4,6,4,7,1,1,5,10,8,5,2,7,6,15,1,3,3,4,2,1,0,3,2,10,7,2,2,2,1,0
"Necab1",2,5,95,4,65,69,14,89,28,53,86,50,45,44,8,29,18,15,5,5,4,5,55,11,43,26,63,62,36,18,34,17,45,6,26,50,31,6,15,41,14,59,26,14,22,41,4,6,11,3,42,9,14,35,36,45,20,12,47,7,19,7,16,34,27,44,38,7,31,20,63,24,7,38,5,3,25,33,27,142,358,409,149,68,83,139,28,55,22,99,8,9,3,11,9,53,19,12,25,16,16,15,39,32,29,30,29,14,16,10,1,0,1,1,6,5,5,4,7,60,41,18,147,61,75,84,18,89,111,55,57,34,40,27,55,37,10,30,43,98,23,33,242,69,147,407,115,111,212,321,39,84,38,13,15,19,5,5,35,29,14,3,40,35,9,14,31,37,14,24,10,9,13,25,0,0,0,1,36,12,12,15,38,22,19,8,2,2,32,7,31,10,19,7,14,11,6,20,66,3,9,6,97,63,36,6,303,104,25,25,8,3,17,1,31,50,9,54,32,68,41,22,30,21,14,43,24,13,22,40,71,34,44,43,60,14,29,23,18,17,1,24,13,31,30,4,11,36,40,81,30,61,22,58,12,2
"Pou3f2",0,19,27,33,43,27,8,23,6,9,9,7,7,15,2,11,13,9,5,3,5,6,17,8,23,14,12,7,7,16,31,8,37,11,14,22,9,15,19,13,36,30,18,20,24,16,0,2,6,11,24,41,27,21,23,18,13,12,18,16,22,14,21,42,43,60,9,11,17,9,5,16,14,9,15,1,2,13,10,14,11,16,11,12,13,15,12,34,10,35,7,16,3,21,14,15,12,6,18,21,15,15,28,6,18,35,20,24,39,24,5,0,1,2,34,23,13,13,67,51,50,58,69,44,33,57,11,38,51,85,20,11,48,26,9,17,34,45,2,5,39,8,10,23,6,3,9,44,12,8,7,33,35,15,15,16,6,15,23,17,18,17,19,17,15,6,18,34,19,15,27,23,19,32,6,5,13,7,22,41,44,26,18,12,39,5,26,9,11,27,19,9,11,8,19,7,13,17,22,11,8,7,30,10,8,12,6,11,14,6,3,3,10,1,24,9,6,7,37,15,27,17,5,11,6,9,24,21,10,37,12,7,8,16,14,41,10,13,22,55,1,16,6,22,9,12,12,5,2,12,20,16,4,10,15,0
"Klf4",0,14,4,3,9,18,1,17,6,10,9,6,8,9,2,1,11,20,1,1,17,16,16,0,11,3,11,2,2,8,11,5,1,15,8,2,2,3,6,11,2,18,2,10,4,6,0,0,6,0,4,5,6,11,5,0,4,14,2,16,10,13,3,4,5,6,6,8,3,6,2,30,9,13,1,11,3,5,1,1,4,8,18,65,7,2,24,20,12,19,7,2,15,2,1,1,3,4,5,5,8,19,6,8,16,3,2,3,9,5,1,1,1,6,14,12,4,10,2,31,6,14,4,13,20,23,5,10,17,20,6,2,23,15,9,3,36,18,1,3,31,3,11,8,0,3,16,5,14,5,7,5,3,3,1,6,3,3,14,3,2,8,2,5,3,4,1,5,7,9,7,6,6,14,0,8,8,1,2,13,5,8,3,1,3,2,22,11,7,6,6,1,8,0,14,8,2,2,15,10,2,12,11,3,12,5,4,11,15,43,1,1,10,0,10,7,1,9,20,0,8,9,8,9,2,16,7,10,9,19,1,1,4,19,6,3,2,3,19,21,17,8,11,15,0,4,1,1,0,1,4,7,6,11,20,0
"Lpar1",1,12,19,10,12,13,13,15,6,18,7,6,3,16,6,52,26,5,78,62,35,47,7,5,8,32,14,12,9,10,19,6,12,3,17,7,10,6,5,5,3,12,17,21,7,10,4,17,17,43,14,9,10,15,9,9,10,7,10,12,9,12,11,0,10,7,7,3,9,9,6,10,14,14,20,7,2,11,10,14,23,14,6,24,6,4,7,11,7,16,14,11,13,22,17,3,14,10,9,7,6,8,14,11,12,12,2,13,21,46,74,101,49,117,33,98,50,49,87,42,39,92,43,35,49,47,8,3,73,53,12,12,42,57,6,11,64,79,0,3,114,3,3,8,4,6,10,8,11,6,14,6,10,9,12,9,7,11,9,9,12,23,3,23,13,9,10,12,10,16,13,109,18,19,127,42,30,22,10,30,11,14,16,4,9,5,6,12,14,0,13,15,7,5,20,4,10,8,5,7,10,8,6,5,8,14,10,20,10,8,72,86,13,46,6,11,48,5,10,7,11,12,7,8,9,6,9,22,7,11,5,11,4,14,9,7,12,8,8,14,34,7,9,8,15,22,9,5,31,13,9,4,6,34,11,0
"Lepr",0,9,6,8,2,2,0,7,3,3,3,2,1,1,2,2,2,5,0,2,1,2,3,3,6,2,3,6,2,6,2,1,2,0,9,6,3,2,3,9,5,0,5,3,6,6,0,2,1,3,3,6,3,2,1,4,4,10,7,5,3,5,2,4,3,4,4,5,7,4,2,3,6,0,2,0,2,1,3,2,2,4,5,0,1,9,6,5,8,8,7,4,2,6,6,1,5,7,10,7,3,2,4,5,5,6,7,7,2,4,1,0,1,0,2,4,1,3,4,2,4,2,3,8,3,3,1,4,5,4,2,5,9,10,3,2,5,2,2,1,2,2,11,8,15,6,5,1,4,3,1,4,5,3,4,7,6,2,8,3,3,4,3,2,4,2,1,4,3,3,10,4,5,3,1,2,3,4,5,6,3,4,5,1,1,2,1,2,2,4,3,1,1,1,4,2,8,1,3,0,1,3,1,3,2,0,2,2,1,1,0,1,1,0,2,4,0,4,2,1,2,2,2,1,1,3,2,0,3,3,2,1,3,3,2,2,2,0,6,2,14,1,5,1,1,3,1,3,1,10,7,5,5,4,2,0
"Oprd1",1,3,16,2,8,8,5,13,4,13,43,27,42,48,9,3,4,10,3,3,0,4,28,22,14,17,44,36,24,14,2,11,8,8,14,7,18,7,5,3,6,6,10,14,6,5,4,7,4,1,14,12,9,13,4,5,6,2,19,4,11,8,5,8,12,11,23,10,25,13,23,11,15,9,4,0,4,6,18,2,7,10,6,18,1,4,3,9,9,26,21,14,3,17,5,7,27,11,19,10,13,10,12,15,33,28,5,14,23,15,3,2,1,4,8,16,3,6,15,32,44,21,27,14,16,23,11,33,43,18,7,7,22,22,26,8,7,10,2,5,7,3,2,2,6,7,4,7,15,0,10,33,22,11,10,12,11,13,17,8,3,16,12,19,11,21,40,60,17,34,41,8,10,16,1,5,0,0,8,7,3,11,14,12,6,3,9,11,6,7,3,5,10,3,10,9,23,10,4,7,5,7,17,5,8,3,7,1,2,3,3,1,1,1,5,40,8,39,13,18,18,10,12,46,6,21,10,13,4,14,10,1,9,12,2,6,4,2,2,5,1,1,7,10,11,8,1,19,10,33,20,29,23,7,10,4
"Sema3c",22,35,20,12,17,26,0,8,17,7,4,2,20,12,28,10,20,11,7,1,15,5,8,2,29,1,20,3,4,21,20,5,9,19,34,3,19,6,14,16,4,5,36,52,2,15,12,2,0,0,4,3,3,2,12,3,10,5,19,3,15,11,8,3,6,3,5,7,12,6,7,6,19,13,2,3,18,19,20,18,11,5,20,39,2,24,27,40,7,18,15,1,5,3,9,2,6,21,2,5,14,12,2,21,18,1,2,4,2,2,0,4,0,5,12,19,1,11,7,17,3,6,1,18,7,5,5,10,4,5,2,3,8,5,10,15,7,20,7,4,3,0,3,7,2,5,3,21,10,11,10,20,45,1,17,1,4,2,7,13,16,9,12,8,5,1,5,3,3,16,2,12,3,23,2,2,14,2,9,21,14,12,10,3,1,10,0,14,4,16,6,12,9,7,22,4,16,13,26,6,5,6,19,13,37,18,3,40,36,21,23,4,26,0,17,5,3,1,8,3,6,5,2,4,9,3,11,31,36,23,22,3,4,14,18,4,1,5,20,6,2,40,0,15,4,12,2,8,7,7,6,3,15,9,34,1
"Cckar",7,49,62,38,24,38,33,67,37,49,72,44,48,39,18,17,24,12,10,14,5,14,25,14,49,17,39,85,27,19,24,27,30,11,41,57,32,22,23,16,40,56,33,17,18,23,20,14,16,12,29,53,74,50,41,51,22,10,38,31,39,27,16,21,23,37,30,12,31,19,32,22,31,13,13,9,30,29,25,34,23,28,29,30,31,21,29,37,37,75,43,46,23,40,65,59,55,38,81,43,33,36,64,35,72,68,52,46,51,56,18,14,15,12,59,45,25,26,55,53,43,64,35,45,53,58,23,46,53,37,31,33,64,40,28,22,27,44,7,19,13,7,26,15,26,25,19,31,29,15,51,62,53,38,29,32,34,38,23,39,51,47,50,45,45,47,72,82,23,45,55,22,62,65,30,35,13,36,70,62,63,39,63,15,38,25,27,50,19,39,57,25,13,14,69,35,36,14,18,9,15,41,46,34,34,35,16,43,41,25,25,18,36,6,63,54,25,81,38,56,50,71,35,14,55,44,59,53,52,55,35,57,45,60,41,76,32,49,74,108,39,29,44,54,93,41,20,78,67,87,30,36,41,80,45,2
"Gabrg1",4,18,18,7,21,31,11,11,14,23,18,29,21,26,13,6,3,6,2,4,2,5,4,34,13,21,32,32,17,25,29,21,9,9,26,19,10,11,7,26,10,23,16,15,21,14,16,5,7,1,27,28,25,17,44,15,24,8,22,13,12,30,21,19,14,31,19,17,33,19,37,22,16,9,6,2,23,12,14,19,8,19,9,18,18,11,11,15,23,14,28,21,14,32,28,22,56,33,42,32,16,17,29,13,30,21,23,19,28,21,4,2,2,2,14,15,13,7,7,8,15,15,30,19,25,10,16,25,22,28,28,25,6,9,6,12,3,12,2,5,3,5,15,17,13,20,15,15,21,11,43,11,24,23,19,32,27,23,29,32,13,37,20,31,35,18,22,28,18,23,13,1,24,25,7,2,2,6,24,15,20,12,24,19,31,14,13,16,6,21,18,21,14,8,39,27,52,29,17,9,6,12,18,14,7,7,14,18,5,6,1,1,9,0,12,16,14,22,31,17,41,25,23,18,19,11,15,24,19,22,13,11,12,10,18,22,7,10,14,14,1,3,15,4,12,12,9,18,13,31,22,28,10,11,10,0
"Pdgfra",0,147,87,89,179,111,1,90,3,14,140,13,111,77,41,80,0,41,30,6,3,40,4,78,62,5,3,71,123,114,73,3,24,2,46,15,5,99,0,53,4,120,8,4,12,26,52,7,28,0,6,67,74,95,86,20,21,102,100,4,77,37,72,3,40,129,19,4,4,5,8,6,36,149,6,33,0,2,7,88,44,147,4,52,83,25,66,70,71,18,8,9,5,2,20,15,22,24,48,70,48,6,4,157,14,38,41,101,11,14,1,3,0,0,70,84,50,1,75,9,15,11,24,4,34,13,3,29,5,8,46,50,5,43,40,6,2,56,13,83,3,51,18,82,3,5,28,82,10,11,119,67,53,67,40,15,58,2,13,46,6,5,54,7,76,26,21,28,8,84,2,31,11,6,1,7,1,13,54,6,61,4,25,66,77,14,52,57,11,81,11,6,83,4,8,39,12,11,126,11,42,28,6,54,64,173,61,7,60,4,4,0,0,11,3,5,9,10,4,33,4,0,4,42,138,1,80,15,32,6,10,5,7,85,82,48,2,17,6,17,27,13,99,54,45,4,1,17,2,51,94,143,2,139,5,1
"Selplg",0,67,5,13,58,3,71,6,5,254,14,15,6,12,6,62,4,96,41,75,1,51,195,9,79,89,82,19,11,75,14,14,13,50,7,8,11,64,29,8,4,77,13,91,6,20,4,5,29,5,126,16,13,9,17,31,6,9,97,9,10,13,44,8,131,71,56,83,102,10,65,109,4,3,31,6,5,4,7,7,13,141,7,22,39,4,128,67,9,7,8,9,5,124,39,7,12,12,13,9,30,27,12,7,130,10,5,102,6,5,17,6,3,8,15,60,4,6,55,30,69,19,13,30,11,5,5,7,108,23,5,7,20,12,83,14,3,39,2,4,10,2,22,44,9,56,58,95,16,3,54,9,14,94,81,23,86,4,2,3,57,8,36,26,30,10,4,125,5,4,11,12,13,8,4,61,1,40,21,98,14,31,9,5,7,51,31,97,9,10,3,6,3,86,11,55,12,39,9,4,4,157,7,36,2,29,7,14,7,51,34,107,50,75,115,57,1,4,90,6,21,6,8,27,66,23,89,25,7,27,4,2,5,6,24,9,2,63,13,7,0,1,53,30,10,6,3,50,5,17,11,23,25,5,93,1
"Nos1",2,32,110,36,33,48,24,19,150,70,85,58,66,131,33,19,6,46,8,17,40,1,96,86,109,74,101,68,39,29,128,30,41,20,34,63,46,12,20,18,24,53,32,33,22,66,9,5,6,0,31,30,70,39,45,28,33,22,31,25,28,39,21,69,24,62,63,29,75,38,65,47,73,99,12,69,135,71,244,231,39,28,87,176,56,76,42,121,98,132,58,88,57,39,75,88,78,42,74,52,27,33,45,44,30,41,51,25,43,23,6,0,1,2,27,7,18,10,30,34,64,55,134,54,65,90,23,53,45,131,34,34,17,34,40,46,8,25,8,18,21,14,29,56,63,40,21,101,118,22,91,136,112,31,51,49,82,51,62,32,35,46,34,16,23,22,14,44,21,23,42,9,47,87,0,2,2,12,70,72,30,36,37,12,32,32,13,37,17,17,93,21,65,27,71,61,82,30,172,26,47,85,153,166,88,180,26,300,330,39,68,12,136,1,78,77,37,123,57,49,49,50,35,133,27,62,34,111,37,49,52,42,54,63,44,36,26,15,48,86,0,22,22,16,26,8,10,107,116,91,64,117,70,128,43,5
"Serpine1",1,11,5,6,7,19,11,3,2,3,18,10,8,1,2,2,2,8,1,3,0,3,2,1,13,6,11,8,0,7,4,5,0,4,4,10,6,1,6,4,1,5,8,9,6,14,4,2,2,0,8,10,12,12,12,7,9,7,5,6,12,10,9,7,2,7,7,6,18,7,12,10,11,7,0,1,10,5,10,11,7,12,10,18,2,3,7,5,9,9,8,5,2,5,4,10,7,6,7,10,6,7,20,9,17,9,20,17,17,13,1,0,0,4,7,8,7,4,1,3,13,8,9,6,9,9,8,13,13,5,4,5,4,3,2,8,5,5,1,2,3,17,5,0,2,3,15,7,5,6,8,10,7,5,4,2,10,7,6,8,10,8,6,5,12,10,10,21,11,24,3,6,11,11,6,4,0,1,13,4,6,5,13,6,12,5,7,6,5,10,3,3,2,5,14,1,8,1,4,4,1,7,15,11,5,4,3,2,7,2,4,0,1,5,8,8,9,14,7,8,9,3,5,6,5,5,8,7,10,9,7,2,6,8,11,9,5,6,10,6,10,6,7,5,5,22,12,9,4,12,6,3,3,5,4,2
"Gjc3",0,63,44,45,97,31,53,57,4,28,44,10,27,24,41,138,72,24,164,199,72,90,6,33,23,31,51,29,28,27,42,3,17,2,49,11,11,41,7,18,7,45,24,25,16,20,25,74,45,40,23,27,35,50,48,12,11,47,45,27,18,26,37,9,24,32,9,5,22,10,15,21,20,64,47,47,6,14,29,61,44,34,13,4,39,12,39,41,38,32,7,7,8,10,4,3,15,8,22,45,18,7,7,51,12,30,18,38,23,10,158,146,119,224,26,48,58,39,29,7,8,16,17,7,14,11,6,17,25,14,10,26,7,24,13,8,4,45,3,21,4,9,7,26,5,6,7,29,7,13,38,39,32,10,19,5,18,7,20,14,6,8,24,7,31,13,9,24,8,40,4,116,10,15,162,44,42,5,16,11,32,8,14,41,31,39,26,31,54,29,12,4,37,7,15,41,15,2,36,5,20,6,8,27,34,81,7,20,36,15,104,171,27,79,25,8,76,17,37,12,8,26,25,57,58,22,28,60,37,11,5,27,7,49,34,27,37,20,4,28,2,3,25,17,36,32,7,29,48,15,36,38,12,100,25,8
"Calcr",11,4,44,1,15,91,6,14,35,2,0,2,2,17,4,1,0,1,5,3,1,3,3,3,2,3,2,5,9,2,47,2,5,6,25,46,34,29,11,15,48,20,30,17,34,27,34,11,22,15,59,45,35,31,40,22,54,1,18,27,13,9,20,37,26,26,3,2,1,2,4,3,9,1,1,1,11,6,7,2,2,3,1,26,1,2,39,2,15,84,4,5,2,6,3,61,5,43,32,56,16,50,34,42,16,13,113,51,31,26,0,0,0,0,29,18,3,20,3,10,39,16,31,21,59,15,48,25,42,30,29,11,10,27,20,21,0,21,1,3,1,0,4,1,2,1,3,3,13,1,46,32,30,30,5,32,1,4,46,53,1,2,37,11,19,22,26,29,14,32,41,2,56,57,0,3,1,1,54,14,22,11,119,51,65,49,28,31,50,18,3,6,29,1,4,14,2,1,3,4,11,19,4,14,0,0,3,1,1,1,10,2,4,1,2,0,4,1,10,2,11,4,6,28,22,14,72,104,91,18,38,29,63,42,55,77,20,59,88,5,0,40,20,2,1,8,30,30,54,2,9,2,1,13,1,1
"Fezf1",1,3,14,1,7,0,0,1,29,12,42,46,58,53,2,1,5,10,0,10,8,0,42,36,28,12,33,44,5,6,11,7,1,8,12,10,10,15,1,1,20,5,1,2,0,4,2,3,0,5,4,3,1,2,4,6,0,0,1,18,3,7,3,20,3,8,3,0,7,4,19,16,3,31,1,16,28,19,58,55,7,4,5,34,15,6,5,25,5,46,1,9,2,3,4,2,3,4,21,0,18,2,18,2,5,2,5,21,3,9,2,0,0,0,6,8,1,1,13,16,20,3,39,13,18,30,1,16,12,19,4,3,3,6,12,12,1,8,1,18,29,1,1,1,3,2,0,4,11,1,6,45,47,2,5,3,2,1,5,4,11,2,8,1,5,2,3,4,2,3,6,3,4,5,0,2,0,3,5,8,10,3,2,3,9,3,2,3,22,10,12,7,4,2,6,3,38,1,41,1,16,22,28,16,27,24,3,84,70,5,11,3,16,0,32,41,4,48,4,16,13,27,3,54,31,28,40,60,48,22,1,5,2,14,2,4,2,4,16,5,3,1,1,0,14,2,2,26,45,59,34,56,19,56,13,1
"Crhr2",0,30,5,5,21,20,13,12,4,24,7,9,2,7,3,2,1,5,0,0,1,3,1,6,13,9,6,9,9,14,21,12,3,5,36,11,15,0,8,9,5,15,25,5,7,18,8,6,2,0,23,13,13,15,14,9,31,14,7,3,7,8,9,5,19,6,17,4,8,16,2,8,3,3,2,0,4,1,1,1,4,3,8,13,5,7,9,6,27,5,9,0,3,6,4,24,11,9,23,13,21,29,28,6,28,11,17,7,3,9,2,5,0,2,2,2,6,4,3,1,9,19,8,5,32,16,25,33,28,7,25,14,8,21,29,16,3,7,1,2,4,7,5,5,3,5,5,2,10,2,43,4,29,25,12,18,7,1,56,31,3,4,25,4,15,8,9,25,28,8,2,4,6,8,1,0,0,0,31,22,6,7,8,10,4,6,2,5,8,7,26,15,11,2,21,3,21,8,6,1,0,6,4,4,2,0,1,6,0,5,0,1,0,0,1,4,0,5,9,2,6,2,9,6,0,12,4,6,2,12,5,0,14,7,4,3,5,4,3,4,2,7,11,10,20,25,8,8,17,25,7,12,1,3,6,0
"Ndnf",1,5,10,9,3,5,5,25,6,11,8,15,3,9,4,6,10,10,4,10,6,32,21,5,8,11,11,7,2,16,16,4,10,2,14,10,12,10,3,36,12,8,11,28,5,13,4,7,3,0,4,5,4,5,8,8,8,9,9,10,7,10,12,4,6,11,13,4,12,11,8,4,7,8,2,9,3,6,7,10,10,5,12,6,2,8,5,8,7,11,5,10,4,8,4,3,5,13,7,15,18,8,7,12,7,3,2,9,7,9,4,6,4,14,15,17,10,9,17,11,6,15,12,5,8,2,3,7,15,9,7,6,6,10,5,3,10,10,32,6,13,1,6,9,6,9,1,6,5,6,3,3,8,6,2,3,5,4,4,5,8,6,3,6,2,2,4,13,6,8,12,15,6,24,5,1,6,0,6,12,3,3,5,3,2,4,3,7,4,5,3,4,6,4,7,4,5,6,9,1,7,21,10,6,2,2,9,3,7,9,4,2,3,2,6,8,4,6,16,1,4,7,3,10,8,11,6,22,5,3,1,1,4,5,5,1,1,1,13,3,5,4,1,12,8,30,1,21,3,8,11,10,1,18,3,3
"Tacr1",4,19,92,4,33,98,20,7,16,6,32,22,12,12,35,15,37,3,12,4,0,2,4,34,12,7,11,15,13,40,18,10,13,11,29,34,23,6,24,29,14,21,58,9,31,16,5,8,14,0,54,60,37,58,52,35,39,18,18,13,11,32,9,21,89,18,36,3,27,34,7,15,33,6,2,1,29,12,9,45,27,31,44,38,5,22,12,3,28,29,3,6,9,11,6,18,21,28,82,26,28,72,56,47,16,20,65,37,50,9,4,3,2,4,9,5,4,4,4,15,8,8,29,20,19,11,10,20,30,5,15,9,3,29,15,44,8,4,2,6,6,4,24,12,22,34,16,9,29,16,50,3,38,7,14,18,27,8,30,36,2,9,68,11,33,32,24,60,34,35,19,4,48,70,7,7,1,1,100,83,43,38,83,11,49,4,5,3,53,72,7,18,20,8,31,9,7,41,13,3,34,2,26,32,29,1,16,19,4,8,22,6,26,2,3,11,4,3,93,26,35,2,12,8,15,16,26,34,43,25,27,7,60,26,22,26,12,15,29,6,1,36,87,40,64,48,54,10,42,34,12,7,16,4,13,1
"Aldh1l1",4,74,35,58,90,32,102,27,29,69,31,16,79,61,9,59,61,52,10,24,32,45,71,20,63,97,53,64,44,41,53,14,137,60,53,19,21,69,49,46,80,52,21,77,85,18,11,10,2,15,73,56,50,114,86,72,72,15,56,92,89,133,70,19,45,56,45,87,76,22,24,56,60,62,69,27,56,78,72,68,54,35,166,101,87,48,60,107,42,84,28,63,26,84,39,36,20,75,51,31,47,56,76,63,64,53,56,128,94,59,7,7,6,4,68,33,22,36,94,64,55,100,75,115,64,44,34,67,98,62,34,22,49,39,34,60,73,82,21,64,79,47,47,105,101,13,53,88,94,54,46,47,74,65,98,48,19,48,135,16,24,21,78,129,69,67,65,79,23,53,90,41,74,110,42,23,41,54,43,74,45,57,58,44,69,22,80,71,17,77,34,22,46,20,48,33,102,22,134,63,60,51,103,79,48,74,27,130,51,45,29,20,87,3,113,56,69,37,82,83,56,40,31,40,18,70,57,51,17,97,41,25,34,72,33,54,31,37,76,62,29,91,15,49,52,14,11,39,47,31,125,52,57,55,107,3
"Oxtr",0,4,8,3,5,4,1,9,3,2,11,15,17,15,6,8,3,8,0,2,1,2,2,14,4,6,8,16,7,5,8,4,9,10,10,13,4,13,4,10,7,21,5,5,6,4,3,1,0,1,1,18,3,4,6,8,7,3,9,6,6,6,9,12,9,20,13,5,30,25,9,8,22,8,4,8,2,1,6,4,4,3,10,11,2,2,11,4,6,10,23,7,17,7,26,2,13,10,8,6,17,2,5,1,2,2,4,6,2,0,1,0,0,0,11,3,0,2,1,4,5,3,10,8,8,5,2,13,5,4,7,11,2,6,1,5,3,6,7,2,5,0,2,2,2,3,2,7,8,2,12,2,4,5,7,8,7,7,10,6,5,8,3,5,8,3,2,3,3,2,4,3,2,5,0,1,0,0,9,13,10,8,3,1,21,4,4,22,13,5,11,14,4,5,7,7,17,34,5,3,18,5,3,10,9,2,1,5,3,5,9,1,7,0,18,10,3,13,9,10,8,7,8,28,18,9,15,23,24,13,4,4,16,11,16,3,19,3,1,2,1,11,6,1,1,8,2,9,11,20,9,10,3,12,0,1
"Ccnd2",0,21,29,22,16,55,19,15,18,24,65,32,52,68,23,34,10,19,3,6,2,6,27,27,25,27,29,40,33,39,46,10,19,7,14,14,14,7,6,13,3,45,6,8,2,22,3,5,2,3,7,19,23,7,12,16,6,27,22,33,12,29,18,29,12,13,21,13,11,11,62,12,20,23,11,6,10,11,1,16,15,13,26,82,40,37,10,38,16,32,2,7,5,5,6,9,15,11,27,2,9,10,6,7,10,5,7,13,21,47,2,3,0,7,52,33,15,27,98,23,28,43,21,13,15,19,14,12,45,50,11,6,55,36,13,12,110,144,23,52,182,30,40,49,20,24,32,52,74,12,9,17,14,24,17,10,16,4,13,16,5,12,7,8,17,11,12,22,14,6,13,42,8,1,2,16,5,11,8,15,9,12,16,2,11,17,7,17,26,13,7,12,19,2,14,19,26,7,15,6,8,17,58,31,13,17,7,1,8,19,3,4,7,4,12,36,3,37,15,2,25,10,18,22,6,13,27,31,10,30,2,7,6,20,6,15,6,5,13,15,32,3,5,9,25,9,3,18,18,25,8,40,10,15,7,1
"Slco1a4",0,29,7,82,46,24,4,128,52,23,29,13,32,56,40,14,48,65,21,37,94,83,118,6,95,7,87,2,8,57,38,32,42,51,10,13,20,4,37,175,3,16,64,106,10,29,3,1,5,0,18,35,16,10,30,9,40,49,7,86,29,49,42,20,47,37,64,57,17,40,12,66,28,36,5,56,4,38,19,16,25,16,56,12,8,25,98,55,55,22,71,5,8,15,29,7,34,80,7,37,75,56,12,164,84,6,6,22,44,33,3,16,3,42,72,116,3,89,56,43,27,94,13,154,16,15,8,102,78,16,6,9,39,13,38,6,43,17,4,5,11,5,42,11,7,22,17,7,9,35,49,14,71,4,7,15,38,6,47,8,22,59,20,6,9,1,11,24,65,77,14,128,9,144,4,51,71,0,7,79,17,50,49,10,11,68,42,91,33,37,4,64,9,4,89,19,19,24,49,44,1,146,12,11,78,24,8,39,59,37,3,17,55,0,75,46,47,22,43,6,20,32,63,28,9,34,8,129,107,13,2,5,13,27,8,8,7,10,141,71,19,6,49,53,11,55,2,20,9,8,9,9,39,69,59,4
"Npas1",2,5,5,2,4,6,5,3,1,6,7,4,23,7,15,5,34,9,1,6,13,1,0,3,18,3,4,4,6,2,3,8,1,1,6,3,3,4,0,7,4,4,14,4,5,1,0,2,2,1,6,2,7,8,10,2,10,3,3,4,4,4,3,4,1,13,5,1,6,4,4,1,3,16,1,11,4,11,40,18,3,9,4,5,3,5,1,26,1,8,4,2,5,5,3,5,11,7,3,5,3,20,8,19,26,20,0,5,6,6,0,2,0,0,9,0,4,3,7,11,23,4,13,9,8,5,14,5,8,2,4,5,5,0,7,5,2,3,1,4,4,4,4,5,2,5,0,3,5,1,21,4,21,2,2,2,1,4,10,27,2,2,10,19,8,13,17,22,2,6,11,3,4,5,2,1,0,1,4,4,5,5,2,6,2,0,3,2,2,5,2,7,3,3,4,4,0,10,4,0,4,2,6,19,5,22,2,54,85,10,5,3,14,1,8,1,2,1,5,3,0,3,4,5,1,3,20,8,2,3,0,1,14,15,1,6,1,6,1,2,1,0,4,1,0,5,1,4,5,12,7,16,5,70,19,0
"Slc17a7",0,3,2,2,3,1,3,3,1,2,4,10,7,9,2,2,2,0,2,1,1,0,3,1,1,6,6,8,2,3,8,2,5,0,11,6,3,5,2,0,3,6,4,2,4,3,1,2,2,2,4,2,6,4,6,5,3,2,6,5,6,7,6,2,6,5,2,4,7,5,4,3,2,0,0,1,1,0,3,3,2,1,3,4,1,1,4,2,3,2,2,4,4,3,1,1,5,3,3,8,0,7,6,2,3,5,1,3,1,2,3,2,2,4,2,1,3,2,3,2,0,3,5,5,3,2,1,5,8,3,1,6,5,3,2,2,3,6,19,1,3,5,9,4,7,2,2,1,4,2,5,2,0,0,3,2,1,2,1,4,1,4,3,1,2,0,1,1,3,2,2,2,3,10,2,1,1,1,2,2,3,5,1,2,3,1,0,6,2,2,3,2,2,7,7,2,2,4,3,1,1,5,8,2,1,1,1,4,5,4,2,1,2,1,0,4,0,2,3,1,5,1,3,5,1,4,5,1,1,3,2,1,0,2,1,1,1,5,1,2,2,0,1,1,4,5,1,4,1,4,9,2,2,1,1,3
"Slc17a6",1,181,281,32,110,107,36,29,111,76,57,76,103,107,80,33,49,37,26,9,22,21,53,50,71,29,60,50,18,14,101,27,23,25,101,103,105,51,16,31,43,80,162,54,27,128,37,18,17,3,81,81,121,36,61,68,67,37,60,63,34,69,39,68,54,61,26,11,42,11,54,28,21,29,13,30,132,61,151,193,183,238,227,111,80,130,45,78,87,108,19,33,16,52,15,49,36,62,118,43,84,77,91,51,93,50,38,90,43,23,9,2,3,5,37,4,51,23,18,51,86,65,102,65,102,111,45,81,112,88,57,31,33,53,59,75,12,25,60,205,55,81,276,258,286,305,144,151,221,165,100,142,139,61,52,40,14,7,83,113,25,15,75,44,62,38,49,78,50,57,31,20,66,51,2,3,2,11,112,43,62,89,67,78,120,120,79,44,127,40,92,36,27,17,31,63,67,13,93,10,42,27,130,203,116,103,228,258,165,55,68,13,142,2,70,55,9,86,33,53,39,36,15,74,25,56,165,120,177,130,16,62,96,64,45,96,81,64,40,78,6,26,75,35,87,108,72,103,148,90,65,65,41,147,37,0
"Igf1r",5,78,73,73,49,82,35,54,43,50,45,76,88,120,53,69,99,152,35,38,51,87,141,36,151,48,146,41,59,134,78,92,118,73,108,38,50,43,60,120,40,74,78,137,52,76,24,23,30,25,85,93,93,93,60,28,87,46,47,78,70,81,64,44,97,85,78,98,80,83,53,136,52,88,37,92,47,137,65,75,110,117,105,101,59,101,104,89,106,105,96,54,51,81,120,61,115,164,100,114,115,157,109,158,92,71,101,110,116,110,17,41,18,35,142,179,62,82,172,161,128,192,134,205,157,168,69,165,308,194,66,42,180,149,73,85,240,229,29,69,153,39,107,67,57,85,75,69,95,107,127,70,151,45,73,85,77,43,139,75,67,98,82,93,73,70,77,110,64,112,91,124,102,158,32,39,52,23,95,144,86,98,93,48,66,64,64,120,59,96,51,57,32,28,149,95,71,57,117,40,29,142,71,55,98,70,81,87,106,54,27,51,94,19,109,67,48,47,73,36,82,93,77,58,48,117,39,140,102,76,43,33,53,93,60,76,35,56,174,88,43,57,78,76,40,16,5,26,51,52,50,54,41,82,118,2
"Omp",4,21,32,12,20,24,8,11,16,13,24,18,14,21,15,15,13,6,9,6,8,5,18,21,32,46,11,18,17,25,13,19,9,12,20,31,19,12,4,25,12,21,21,13,9,17,7,18,8,13,10,25,19,17,17,17,10,10,19,12,14,15,14,23,20,32,16,6,19,13,23,18,9,18,8,2,6,15,7,16,8,18,19,66,12,7,55,15,57,26,17,6,17,12,9,80,49,36,51,18,28,38,35,21,41,20,12,14,21,13,8,11,3,9,14,9,11,15,15,29,21,24,51,44,56,92,65,67,73,43,108,55,36,88,42,83,9,19,4,10,21,4,10,13,14,15,10,5,37,14,173,39,85,52,81,55,12,12,121,99,21,15,34,25,30,15,26,35,15,15,28,17,28,23,7,4,10,13,31,23,20,21,27,12,28,8,8,11,30,18,28,15,17,5,56,39,36,10,14,18,11,29,18,24,18,18,16,11,27,13,16,14,6,6,13,21,15,26,37,9,19,22,33,43,39,20,21,20,21,14,12,15,6,13,26,12,10,14,17,19,13,9,17,11,18,15,9,24,40,26,19,30,16,23,8,2
"Cckbr",1,20,18,17,9,29,15,19,24,20,23,17,27,14,3,8,4,3,3,2,2,4,12,7,20,9,30,18,10,28,12,16,14,30,40,21,18,20,8,8,7,16,14,11,18,27,6,0,3,1,16,21,23,21,27,11,8,2,25,20,15,11,12,16,5,9,11,8,22,10,16,6,23,11,0,0,11,9,10,6,1,7,7,23,3,2,13,12,18,9,20,8,5,14,13,15,10,11,18,16,11,9,25,9,9,7,17,7,34,22,6,2,0,3,58,34,15,12,100,65,54,119,73,24,53,95,24,13,106,82,8,11,104,85,11,3,125,130,10,1,143,6,4,3,3,2,1,3,17,3,10,6,13,4,15,11,23,17,17,18,12,11,15,15,23,23,7,22,14,7,11,20,34,44,1,4,2,4,35,29,9,15,37,9,4,9,15,14,14,24,3,15,17,9,12,4,27,24,8,2,9,5,32,12,18,5,2,13,14,7,5,3,8,1,4,19,2,12,10,16,25,22,27,20,10,29,15,18,18,17,22,11,33,29,10,17,7,11,5,9,1,2,17,15,19,20,14,17,11,18,20,21,8,17,7,1
"Sox6",1,29,32,23,38,27,15,4,10,21,22,16,24,18,11,24,5,14,8,5,11,3,15,15,16,12,21,33,33,67,8,6,41,23,25,12,7,52,8,17,14,22,10,23,20,21,9,1,12,10,15,28,32,36,27,30,21,19,43,28,29,41,35,7,25,31,18,16,38,8,19,25,17,29,8,14,22,14,21,26,14,34,47,41,30,26,23,20,23,14,8,18,9,18,15,5,27,6,23,24,8,25,20,54,20,26,39,48,28,36,5,6,0,2,63,63,35,31,100,76,37,81,33,30,42,55,18,13,57,62,14,17,42,38,15,11,65,90,9,31,121,27,14,39,23,5,15,31,30,20,33,16,22,20,15,10,6,16,21,11,6,16,18,20,16,14,9,13,16,31,28,29,31,31,8,16,9,11,25,38,38,18,25,25,31,12,33,17,12,41,12,10,20,6,11,31,20,16,43,17,15,12,19,26,17,29,9,27,27,18,5,2,14,3,19,15,9,13,40,9,14,6,12,36,28,22,18,16,10,25,7,3,5,31,25,27,10,13,20,12,4,9,15,16,15,9,3,6,1,4,33,29,13,25,27,0
"Mki67",0,6,3,6,5,5,7,2,2,2,4,6,9,10,3,5,5,2,0,3,3,2,4,1,7,1,5,8,3,4,6,4,2,9,5,1,3,3,2,1,4,8,2,6,4,8,4,4,3,0,3,5,5,3,8,2,5,2,2,8,2,6,3,6,3,6,4,2,7,2,2,2,4,4,14,1,6,4,8,6,12,8,4,4,2,4,9,5,6,2,4,4,4,5,7,2,6,3,5,4,5,4,9,11,5,2,6,6,7,5,2,4,2,3,2,6,3,2,9,8,6,6,7,6,6,9,3,3,7,4,7,2,8,9,2,8,7,10,0,3,6,1,13,3,4,8,2,5,5,5,5,4,6,2,3,2,7,1,6,6,4,3,11,11,6,6,2,7,3,11,10,1,4,10,3,0,0,1,5,7,6,6,4,2,6,4,4,3,6,5,4,2,2,2,5,3,4,0,6,1,2,1,12,5,4,6,2,8,6,1,4,1,4,0,3,7,0,6,5,8,3,6,5,7,4,2,6,5,7,7,6,8,9,9,4,4,1,4,5,6,4,3,3,1,8,5,4,6,10,4,2,12,3,2,4,1
"Ebf3",0,1,2,0,2,3,2,0,1,11,2,5,3,7,3,37,18,50,0,2,0,1,4,1,2,4,3,1,2,2,1,1,5,1,3,0,2,5,1,1,2,3,0,1,0,0,1,3,4,1,8,0,3,1,1,0,1,0,1,1,2,1,1,3,28,37,2,1,3,2,4,0,1,9,5,1,2,2,4,17,2,1,2,4,0,3,0,37,1,12,0,1,1,6,0,1,5,0,5,2,1,1,1,2,6,1,2,2,3,3,0,0,0,2,1,3,1,0,0,1,4,4,2,8,2,2,0,1,13,1,0,0,1,1,1,2,2,1,5,34,1,1,2,0,0,3,0,1,15,1,10,51,50,4,1,3,5,0,1,36,12,1,3,3,0,4,1,8,1,1,1,1,5,2,0,3,0,3,2,2,13,3,1,1,1,1,0,2,1,1,2,1,0,0,4,0,3,3,13,2,2,1,6,1,2,3,2,12,1,14,0,10,64,0,3,4,1,0,3,0,1,0,2,2,0,2,1,3,4,5,2,0,0,4,1,0,0,0,1,9,0,1,0,7,0,1,0,0,0,2,0,1,1,33,1,0
"Esr1",1,19,16,2,12,60,17,14,6,31,45,21,14,37,5,1,4,0,3,2,0,2,8,13,17,18,7,21,12,3,22,6,24,4,43,34,19,10,49,57,36,99,30,5,51,29,9,2,2,1,57,55,53,70,62,44,59,25,32,16,28,39,7,49,29,78,32,29,16,42,35,27,17,15,2,0,1,4,11,12,2,3,2,16,4,4,19,5,16,33,28,18,27,28,59,48,80,31,43,32,14,24,41,52,22,29,96,62,83,18,5,3,3,0,6,2,2,2,11,6,7,9,22,20,50,23,14,13,33,23,21,18,8,22,26,41,6,43,0,1,5,2,2,2,4,3,0,3,8,7,44,5,22,17,17,20,25,20,31,54,44,56,58,58,36,51,14,29,42,68,30,25,53,81,1,10,1,1,104,88,43,60,106,31,44,11,42,56,25,19,37,16,11,20,61,45,32,15,10,5,1,8,4,10,2,2,3,5,3,6,1,2,3,0,3,43,8,28,9,6,11,30,14,24,13,22,52,25,30,36,77,50,59,76,48,21,37,6,19,3,1,8,6,6,12,3,2,11,20,25,17,9,3,10,5,0
"Sgk1",0,14,67,23,124,31,154,54,14,71,10,15,12,34,55,311,86,10,134,322,132,169,15,12,21,24,45,20,18,21,40,9,11,10,34,19,9,36,12,14,13,101,50,54,16,14,14,53,69,33,76,19,17,11,57,12,17,13,34,77,14,32,71,19,72,26,6,16,19,9,27,53,27,38,131,98,21,62,36,36,90,24,24,14,15,16,32,59,15,50,14,10,19,31,14,8,42,17,12,10,10,15,10,18,13,16,11,21,49,12,203,189,154,227,20,26,13,26,16,9,31,31,17,22,17,15,8,27,43,15,9,70,14,20,15,15,15,11,7,11,35,19,24,24,22,8,9,34,26,74,25,24,23,22,7,13,9,9,43,14,17,9,14,16,37,10,11,44,6,18,13,173,10,23,232,72,88,4,19,14,11,15,13,13,19,25,12,73,87,20,28,19,57,12,37,43,22,11,56,5,41,19,9,38,26,77,28,59,54,74,156,445,66,145,94,23,135,17,62,11,23,46,83,88,50,49,19,39,94,30,12,69,8,30,13,16,37,38,10,10,16,8,21,16,104,60,26,40,103,41,9,21,31,191,77,2
"Cd24a",17,68,33,12,16,39,10,13,7,15,20,16,9,14,11,12,14,9,3,3,2,13,15,8,22,12,6,12,11,25,22,18,14,9,41,11,6,7,38,16,21,67,49,45,53,48,48,34,11,6,27,110,23,48,58,25,24,31,18,68,17,14,24,35,17,38,6,10,18,14,19,15,23,10,7,3,8,6,8,4,2,3,4,24,25,12,49,10,31,35,23,14,17,24,42,14,34,29,56,49,13,62,45,33,47,23,69,45,34,115,6,1,1,1,177,166,32,90,396,296,192,371,261,160,309,351,67,29,414,359,26,11,416,385,23,17,487,680,8,13,358,4,19,8,6,18,4,9,24,3,60,18,41,29,18,18,16,18,40,62,18,17,60,83,38,29,29,53,37,56,53,107,67,70,9,4,1,24,33,52,42,28,47,46,33,27,46,66,53,24,33,13,8,16,33,28,24,20,14,17,3,3,9,17,8,15,4,8,10,15,4,6,11,1,11,30,3,13,19,18,22,14,16,16,10,12,11,15,26,20,19,20,32,40,44,40,8,29,55,45,9,21,23,9,10,48,5,14,16,25,9,7,8,12,13,0
"Man1a",0,21,27,8,21,22,13,31,21,52,64,15,21,31,30,11,15,10,56,15,11,16,34,18,35,71,18,38,42,39,24,14,20,19,15,9,17,7,6,10,14,42,29,4,3,9,9,5,4,0,21,14,15,9,13,10,13,15,15,26,24,12,6,9,34,21,12,5,22,22,61,31,20,11,6,0,20,37,25,15,3,5,17,39,13,3,15,33,18,23,7,9,4,13,19,9,20,20,27,10,8,10,28,23,28,5,1,11,13,25,5,2,6,11,24,29,27,13,34,38,23,29,22,19,28,36,7,30,61,65,16,12,63,32,16,4,70,60,7,7,71,5,2,2,3,3,12,7,21,4,11,8,9,11,18,18,8,6,10,9,26,6,13,9,19,14,16,19,4,17,10,20,3,18,12,14,8,5,15,13,3,17,5,10,12,24,5,28,14,13,14,10,14,7,8,30,42,6,24,28,10,19,19,17,50,11,5,15,21,20,53,24,30,5,15,49,15,39,22,36,42,8,29,34,2,37,24,44,12,25,15,19,26,21,12,19,16,8,13,12,31,11,20,24,13,7,8,34,35,54,29,21,5,18,26,0
"Egr2",1,3,0,5,2,4,1,2,0,5,5,4,10,2,3,7,5,3,2,1,4,2,1,5,10,8,2,2,5,13,3,1,3,3,10,4,3,4,4,5,1,5,2,4,3,8,3,3,1,3,5,3,3,7,6,7,8,1,5,12,4,7,4,8,3,5,4,3,3,3,2,3,2,6,1,0,2,2,4,3,4,3,8,33,3,7,1,3,5,2,5,5,3,2,6,2,5,3,2,2,3,7,8,8,2,4,8,0,1,1,1,2,1,1,2,6,1,2,7,8,11,1,10,9,4,7,3,8,5,6,6,2,8,5,6,11,5,7,0,6,5,6,2,2,4,3,6,2,3,4,5,5,6,2,2,3,4,2,5,7,6,3,5,4,1,6,2,5,1,6,7,2,13,18,3,2,0,1,7,9,7,6,3,5,4,5,7,5,5,4,3,9,2,3,3,2,4,4,4,1,1,5,4,2,2,2,1,4,0,3,0,1,2,0,0,0,0,3,6,2,3,4,3,7,4,2,17,3,6,4,1,0,1,6,6,7,2,4,4,4,2,0,3,1,0,1,3,1,2,7,1,3,2,6,3,0
"Adora2a",3,16,4,12,2,5,5,11,7,7,12,2,3,4,2,1,1,18,3,2,1,12,11,1,6,4,4,1,2,3,14,0,5,4,1,4,0,3,2,4,1,5,5,3,3,2,5,5,0,1,4,10,8,3,1,5,5,3,1,6,1,3,1,3,7,4,3,5,7,14,7,8,1,5,0,2,6,8,3,15,4,5,13,15,11,8,1,21,6,5,4,3,8,3,8,1,3,7,2,2,11,1,4,6,13,4,4,2,8,8,2,3,6,0,11,4,1,1,8,11,8,3,5,12,16,2,1,1,7,1,1,2,4,4,4,5,3,8,0,2,6,3,3,4,7,5,8,3,13,2,2,2,6,2,6,2,1,1,5,5,0,8,5,2,6,6,1,2,1,2,6,11,2,7,2,17,0,4,9,14,10,2,22,11,0,5,0,4,0,7,4,0,0,2,2,1,2,2,3,0,4,4,0,1,10,8,2,8,4,4,1,1,2,1,4,5,4,9,2,1,2,19,2,5,3,0,3,3,2,11,0,2,4,2,2,9,0,2,6,3,13,2,11,2,1,13,1,4,1,1,7,5,2,7,1,0
"Kiss1r",0,11,14,4,6,17,3,7,9,9,7,8,6,17,4,4,2,4,2,3,2,2,4,6,15,14,13,10,3,16,7,6,10,8,17,12,8,5,8,6,10,10,14,9,10,15,6,4,6,2,11,20,10,9,9,14,14,6,13,12,17,8,5,13,11,4,14,8,15,12,4,7,5,3,2,2,12,10,5,6,3,8,7,13,2,13,12,11,8,18,13,13,11,21,11,10,16,13,17,18,11,17,12,9,13,11,6,18,16,9,5,2,1,4,11,2,1,2,11,8,12,5,12,8,8,11,4,7,19,16,9,2,6,8,7,15,10,10,4,6,13,4,5,9,6,18,11,5,11,10,11,15,10,11,2,7,17,6,11,12,17,11,13,17,12,9,10,16,8,13,9,5,15,21,5,1,1,0,13,11,17,14,10,13,18,13,12,12,9,8,9,5,3,3,21,7,5,9,10,10,3,11,7,8,8,8,4,18,11,10,8,3,8,3,6,3,4,8,4,4,6,2,10,10,11,4,6,13,15,17,9,6,15,13,8,13,10,3,5,14,6,5,6,8,9,6,3,2,13,13,12,11,1,13,16,0
"Slc17a8",0,1,3,0,1,1,0,0,2,1,3,3,0,1,1,2,0,1,2,1,1,0,0,0,1,0,0,1,0,2,2,1,1,2,0,2,0,0,0,0,0,3,3,0,1,5,0,3,1,0,2,0,1,5,1,1,0,0,2,1,2,8,2,1,0,4,1,1,3,5,1,1,1,1,0,0,3,1,0,0,3,2,2,2,2,6,0,1,1,3,2,3,0,2,0,2,2,2,3,2,1,1,1,1,4,2,1,2,3,3,0,1,0,1,0,3,3,1,1,2,2,1,2,3,2,0,9,7,9,1,2,0,1,1,0,1,1,0,1,2,2,3,4,1,0,2,0,3,0,0,3,2,0,0,0,0,0,2,1,1,1,2,2,4,0,3,5,2,1,13,1,1,1,7,1,1,0,1,3,0,4,1,3,2,4,8,0,1,1,0,7,0,1,1,0,0,2,0,0,0,1,0,0,2,0,1,0,1,0,0,0,0,1,1,0,1,0,0,1,0,1,0,0,2,3,1,2,2,2,2,0,2,0,0,0,1,1,1,2,0,0,1,1,0,2,1,0,1,0,1,5,3,1,4,1,0
"Avpr1a",0,2,0,4,3,15,2,1,2,2,4,3,4,0,1,5,1,0,5,3,4,3,9,2,5,6,6,3,5,5,4,3,3,2,7,5,3,6,2,6,6,10,5,4,12,7,4,2,6,2,6,14,11,7,13,8,4,7,6,8,7,5,3,16,8,2,5,2,0,4,5,2,2,7,3,6,4,3,6,4,5,3,8,4,3,2,2,15,7,11,4,4,0,2,5,7,3,16,8,12,4,5,11,11,21,14,18,10,11,21,3,0,3,4,11,7,8,20,4,5,6,5,13,7,6,5,11,1,12,8,0,3,3,4,5,6,8,6,2,2,6,2,1,0,3,4,4,6,14,4,4,13,4,1,3,3,3,1,4,2,0,4,3,5,17,20,12,31,14,17,19,5,11,19,3,2,2,1,7,18,5,6,18,8,14,4,5,7,8,7,7,6,7,0,8,1,5,3,11,0,0,4,8,6,3,11,3,5,13,4,2,3,5,0,10,3,3,1,4,2,0,2,3,3,5,3,5,5,8,6,6,9,8,7,9,11,9,4,6,6,5,3,1,3,3,7,1,0,5,11,10,3,3,15,3,1
"Glra3",1,43,50,7,40,34,11,69,72,65,71,70,78,61,14,10,22,8,10,4,5,12,80,60,86,47,112,77,32,43,44,50,16,27,45,28,75,25,30,26,15,54,64,19,22,36,6,5,14,4,47,51,30,34,23,31,25,37,32,25,46,44,20,29,23,32,45,27,83,40,63,33,48,54,5,4,19,29,24,31,102,64,60,62,18,62,26,12,65,53,63,82,35,60,53,34,94,28,56,34,50,26,69,15,30,12,7,16,10,19,1,15,3,12,12,13,8,2,6,24,51,2,59,49,82,53,34,57,83,30,29,53,25,59,28,37,7,37,1,10,5,5,26,15,24,80,31,22,40,47,77,74,65,44,51,64,62,56,65,69,34,67,32,38,52,11,36,33,36,50,17,12,24,47,9,7,5,1,26,16,17,25,25,31,37,27,15,48,25,33,42,17,16,11,82,53,91,13,28,33,24,50,22,42,45,14,40,53,28,33,6,5,32,1,36,103,10,103,31,49,58,60,50,64,24,81,51,70,72,47,27,13,51,36,40,24,20,11,20,7,1,19,15,15,25,28,18,86,68,102,80,105,50,32,17,0
"Npy1r",1,10,27,7,5,29,2,13,6,11,11,23,28,31,9,8,11,11,8,3,8,7,14,22,17,16,27,17,15,10,7,17,6,13,19,15,34,16,7,27,9,38,19,12,21,20,11,11,6,9,27,58,46,25,25,21,22,19,26,19,11,36,12,13,8,2,15,10,32,19,27,18,22,13,1,2,27,8,33,38,32,37,17,37,13,35,8,18,17,22,23,31,27,37,8,12,14,20,20,27,17,17,24,11,28,5,22,36,44,31,2,2,3,5,20,20,10,8,19,67,74,11,163,58,62,45,16,61,75,72,15,11,30,26,12,37,15,33,5,18,20,15,18,10,11,32,16,11,15,25,10,46,22,7,3,16,9,8,22,11,5,9,10,16,14,14,7,18,18,13,20,11,15,27,3,6,6,5,22,25,25,34,31,6,29,4,21,17,26,15,7,7,11,6,23,13,22,10,7,6,10,8,10,21,27,40,34,31,30,19,7,10,21,1,8,21,6,15,10,13,12,8,11,17,5,7,27,17,46,23,23,24,20,24,31,29,12,22,25,6,8,4,9,3,16,15,10,15,24,18,15,15,27,25,5,1
"Cbln1",3,87,88,26,144,208,102,37,125,38,101,95,113,147,54,2,4,22,50,3,23,2,56,83,149,65,62,60,32,17,112,30,8,25,234,265,261,134,34,45,139,93,86,7,14,28,4,14,34,1,49,48,53,98,120,117,16,47,137,147,35,80,45,131,104,70,48,5,42,22,76,101,23,107,4,51,165,73,183,160,240,359,174,127,37,73,121,94,148,160,36,24,22,83,15,201,93,127,123,17,91,147,120,36,103,81,52,21,31,11,1,1,2,2,4,6,8,1,21,19,107,49,133,79,160,199,110,152,260,92,191,137,76,171,104,221,1,17,1,30,6,8,117,54,80,241,76,27,154,233,304,187,255,147,117,162,9,7,334,206,26,15,255,97,71,20,106,189,136,8,21,17,56,85,0,0,0,2,117,53,18,36,58,142,117,74,57,36,236,111,92,29,28,8,111,65,84,8,130,21,33,43,55,117,60,123,181,209,153,3,62,2,82,0,56,126,22,126,32,53,64,24,31,70,30,44,361,329,313,178,32,84,12,111,10,67,104,58,38,37,0,56,52,55,130,8,16,90,311,44,143,148,37,136,23,0
"Synpr",1,13,26,12,20,26,7,7,12,23,29,69,20,10,2,10,4,21,4,3,6,3,3,26,18,36,30,24,30,45,38,24,35,19,26,14,32,7,2,6,6,12,12,1,10,26,2,1,7,2,18,9,19,17,9,7,4,6,6,7,29,21,23,29,6,7,6,10,28,8,36,6,12,12,8,1,1,7,5,9,0,2,15,23,8,14,3,8,12,29,6,8,2,9,5,20,16,7,8,15,11,7,31,11,12,33,15,21,24,15,7,0,0,2,10,4,17,4,18,38,35,33,66,16,38,36,32,16,40,42,4,6,15,21,26,20,21,39,23,7,19,17,11,6,8,2,5,5,24,1,18,24,21,6,5,6,4,7,14,25,17,7,13,12,21,18,22,28,14,15,23,3,26,31,0,2,1,1,25,20,30,11,18,11,23,5,10,14,27,12,10,12,4,7,7,22,28,11,16,5,10,15,28,8,2,1,0,2,6,2,2,3,3,0,0,9,4,22,31,26,34,10,10,13,11,6,23,19,14,17,0,5,3,14,2,25,8,2,10,10,0,0,8,10,10,27,8,43,26,53,41,16,4,3,1,1
"Chat",0,7,6,4,6,7,3,0,3,2,1,2,5,3,3,5,3,8,1,4,4,4,2,3,7,5,4,0,1,3,6,2,3,1,1,2,1,0,5,1,4,4,4,3,1,5,3,3,2,3,3,1,2,1,6,1,4,2,3,2,7,5,2,1,2,4,1,2,4,1,8,6,3,6,2,2,8,1,2,4,2,4,9,7,1,4,2,5,4,5,7,4,0,2,5,3,4,6,8,0,4,2,10,6,2,2,1,2,4,4,3,0,1,2,9,9,4,4,4,13,3,6,10,6,8,4,3,6,7,11,7,5,8,7,4,6,5,9,0,1,4,1,7,4,5,3,3,5,6,1,3,6,10,4,4,3,6,5,5,2,4,5,8,1,7,6,4,6,2,4,2,10,6,5,3,1,4,7,3,7,5,1,5,1,6,3,4,0,2,0,3,4,4,4,8,8,4,0,7,2,2,2,8,8,2,9,4,16,43,7,9,2,5,0,5,6,1,7,2,9,6,2,5,5,8,5,10,7,5,8,2,3,10,5,4,11,5,5,8,4,6,3,4,3,5,5,3,7,4,10,3,5,8,3,1,2
"Pnoc",23,26,20,13,15,9,7,26,32,38,37,45,34,21,20,11,5,18,1,2,7,1,12,18,20,12,32,36,34,55,35,28,17,15,31,8,12,15,24,14,6,15,20,21,34,35,21,4,11,4,25,48,43,52,19,31,49,7,22,52,38,29,27,29,10,20,32,20,46,66,45,46,27,13,5,5,8,6,38,14,6,9,13,7,11,15,13,10,16,16,46,62,12,29,68,21,39,33,38,42,20,51,33,43,34,22,51,33,38,6,1,3,3,2,13,13,6,7,17,16,18,17,24,6,18,15,13,27,17,15,20,14,16,18,5,21,11,12,4,10,15,6,7,14,5,19,7,11,18,8,36,20,17,11,36,24,26,32,24,40,27,84,30,26,16,51,17,20,12,23,18,6,20,23,4,2,1,6,26,25,33,28,34,23,14,5,17,22,16,33,18,29,20,19,68,39,66,20,21,16,7,42,22,10,20,22,7,23,16,42,10,8,11,0,8,29,10,37,38,23,25,19,39,23,13,34,2,11,6,13,21,18,25,12,30,32,18,34,12,5,1,21,8,18,10,28,5,39,12,54,27,27,9,19,5,2
"Pgr",0,32,45,9,26,55,15,9,22,21,27,21,17,27,21,7,8,9,7,3,3,1,11,14,15,14,11,31,21,25,26,12,12,13,34,24,23,7,56,44,24,88,41,12,63,77,12,5,6,1,79,97,72,74,47,26,49,7,48,25,28,32,17,37,33,42,18,16,29,21,28,30,33,16,7,3,31,10,21,25,11,18,17,13,9,14,24,16,20,15,36,14,13,48,57,44,54,35,40,31,17,50,53,60,26,19,107,70,106,34,3,1,1,0,12,9,8,8,9,13,16,24,43,12,37,27,14,20,51,18,29,40,19,28,23,39,3,30,5,8,5,4,13,7,8,14,7,12,22,9,44,15,30,15,28,11,35,17,32,53,42,33,41,44,53,57,14,30,34,53,55,16,89,127,1,3,1,3,146,85,66,60,108,41,36,37,23,20,36,16,63,23,19,6,51,45,32,32,5,10,9,8,27,32,37,21,19,28,22,9,12,1,13,3,11,16,4,14,22,9,28,33,6,25,30,25,61,29,46,37,74,59,73,60,51,34,39,14,23,12,0,9,10,5,14,4,2,23,42,23,11,14,7,21,19,1
"Cyp19a1",2,5,4,2,2,3,3,6,2,15,20,34,21,10,1,3,3,0,2,0,2,1,2,1,1,8,18,13,8,5,5,9,5,3,7,7,4,1,3,5,1,1,4,4,1,7,1,3,3,2,5,6,7,6,0,1,3,4,2,0,3,3,1,3,3,7,5,4,4,5,8,5,2,4,2,2,3,1,2,6,2,6,3,3,6,2,3,7,8,12,1,1,8,1,6,5,14,0,3,2,2,4,3,8,5,2,1,2,5,5,2,1,0,1,3,4,0,2,3,1,4,4,3,1,5,11,5,3,6,7,1,3,2,1,3,5,1,6,0,6,1,2,2,1,5,3,1,3,4,2,1,4,2,2,8,3,6,2,5,18,2,13,2,5,8,3,0,6,5,6,3,3,5,1,0,1,0,1,2,1,2,3,5,2,4,4,1,2,0,4,2,4,2,2,2,2,3,1,8,2,1,2,2,3,2,1,6,2,3,0,1,0,1,1,1,3,4,10,5,2,12,5,6,4,3,3,1,4,3,5,4,2,1,4,1,1,2,4,5,4,3,3,4,0,1,5,0,9,2,19,12,14,4,0,3,2
"Cplx3",2,6,9,2,10,14,10,5,3,12,16,5,6,6,2,10,7,5,2,1,3,0,2,1,8,3,1,6,6,6,23,3,4,7,4,12,2,2,1,6,2,3,2,4,0,9,1,2,1,2,6,11,9,20,3,4,3,4,4,6,4,2,7,2,14,6,4,5,5,4,4,2,1,5,4,3,6,2,2,3,4,3,3,4,2,2,4,10,2,4,3,2,2,5,3,5,6,4,12,11,5,7,9,10,7,9,10,5,9,6,3,1,0,3,9,8,5,4,3,2,9,12,7,5,8,8,1,4,6,3,5,4,3,11,2,5,3,2,7,1,5,0,10,3,3,1,2,5,5,5,4,7,3,0,4,8,3,1,9,5,6,3,9,7,4,12,5,6,4,7,5,9,10,5,3,1,1,3,2,3,7,2,8,3,4,4,4,6,11,5,7,3,4,4,9,7,3,2,8,1,2,7,7,10,9,3,0,5,2,3,6,4,4,2,4,2,1,7,7,8,16,5,3,8,2,5,19,8,6,6,3,6,10,6,7,9,6,5,6,5,2,7,9,1,9,38,13,2,10,7,3,6,5,3,2,4
"Tmem108",5,39,59,26,34,63,31,43,29,34,52,51,54,42,18,40,25,20,5,9,9,4,16,29,34,22,41,42,31,43,47,15,19,22,46,65,37,24,28,41,20,54,50,44,26,58,18,8,12,10,39,57,44,42,34,21,42,22,52,30,38,43,24,31,36,48,38,23,85,38,53,17,34,33,12,2,23,35,26,34,12,27,39,43,19,28,31,21,55,39,34,41,28,34,36,43,36,75,81,37,32,50,59,54,33,37,41,49,43,30,8,4,3,10,50,55,26,24,67,48,51,78,61,45,60,58,20,39,80,74,35,31,75,87,17,33,70,74,8,19,94,12,18,16,14,24,7,31,42,23,36,28,23,44,36,44,44,29,66,46,16,48,46,46,19,31,38,53,18,55,42,25,28,44,23,5,1,6,41,39,41,40,42,28,31,25,30,35,30,42,43,41,28,22,64,56,50,11,27,13,18,22,54,36,30,14,11,47,34,12,10,13,30,3,21,31,7,41,47,34,42,24,54,47,40,29,37,36,36,68,36,24,60,76,63,39,33,46,45,28,0,36,45,12,33,12,13,67,37,61,35,40,17,27,30,2
"Fbxw13",0,2,8,1,1,1,0,2,1,3,3,0,1,1,2,3,3,3,1,1,0,4,2,2,0,1,0,1,4,4,5,1,5,2,4,3,7,3,3,1,0,3,2,6,2,6,2,2,2,0,4,2,1,5,5,3,2,2,3,4,3,2,6,11,3,5,1,0,9,10,7,8,2,1,2,1,3,2,4,3,2,4,4,4,2,1,2,4,9,0,8,11,4,5,13,3,9,14,7,1,2,2,0,2,3,5,3,6,3,1,1,2,0,3,1,7,2,6,4,3,5,8,5,3,1,4,3,4,3,10,13,7,3,5,2,0,4,7,0,3,0,2,2,1,2,3,1,1,4,0,9,1,1,4,3,19,14,16,5,3,5,7,1,0,1,2,2,6,2,4,2,2,3,2,2,3,0,0,1,4,2,1,2,1,8,1,1,6,1,2,4,2,5,1,20,4,8,2,2,3,1,3,11,1,6,1,1,4,1,2,0,1,3,2,0,2,2,6,3,3,1,2,0,4,2,1,1,5,1,2,1,1,0,1,1,4,1,0,0,2,0,0,1,1,3,0,1,2,4,7,5,6,0,6,4,0
"Cspg5",9,234,228,127,205,194,64,125,83,129,215,147,180,209,88,105,65,95,52,32,30,31,128,157,166,116,112,192,209,247,243,75,136,117,176,164,105,142,72,101,92,202,128,98,87,142,126,50,68,39,130,204,229,223,174,97,150,110,248,109,171,172,180,130,164,195,117,94,195,99,160,116,190,172,58,30,83,102,103,217,124,192,145,164,144,168,124,180,163,184,126,145,114,155,161,133,190,190,192,192,135,129,209,278,136,128,181,219,147,99,22,8,7,4,123,76,125,54,120,84,105,108,173,184,189,126,87,184,164,106,128,101,70,134,139,138,26,123,47,124,54,61,115,178,134,112,74,137,181,94,262,222,176,134,168,134,158,104,148,200,107,146,187,190,197,163,152,200,113,201,154,49,175,209,29,31,15,54,226,185,207,166,198,151,179,118,132,165,121,189,107,79,101,46,195,166,210,97,239,99,117,113,171,156,135,202,96,122,113,75,37,32,108,10,109,144,56,126,146,120,160,97,117,159,199,103,235,154,126,171,136,94,116,202,203,155,58,84,156,95,13,60,164,120,135,132,73,113,121,199,209,179,91,198,74,1
"Ramp3",0,3,4,5,5,5,15,6,0,15,21,6,8,4,0,28,6,7,2,5,4,4,3,2,1,12,11,7,3,10,18,5,2,7,12,12,3,2,3,4,0,6,8,3,3,8,1,3,1,3,6,7,3,6,6,3,4,2,3,2,3,3,4,15,1,10,22,5,16,23,9,1,7,5,1,6,5,3,4,9,19,15,4,5,9,6,7,1,4,7,4,3,6,10,9,5,12,0,8,3,9,10,5,3,5,2,3,5,5,1,2,0,0,2,4,4,2,1,3,4,8,4,13,7,2,13,9,9,28,1,14,25,8,16,10,21,3,5,15,10,7,4,19,2,8,17,0,21,23,18,2,6,13,4,4,4,5,2,20,9,11,7,9,12,5,6,2,7,2,7,0,1,9,4,1,0,0,2,7,2,2,3,3,3,0,1,0,45,3,6,5,1,3,7,14,10,32,21,2,0,1,6,15,9,2,2,14,12,7,3,2,2,4,0,5,3,1,8,15,8,16,9,6,6,1,11,4,9,5,2,3,1,7,13,5,2,4,3,8,3,0,2,0,7,1,7,6,6,1,7,7,4,2,5,5,0
"Gabra1",4,58,188,46,55,64,46,82,38,47,109,72,67,47,32,34,33,30,5,6,14,13,32,56,43,35,46,76,56,88,126,28,57,53,137,135,68,59,45,56,25,85,94,27,49,89,35,10,15,8,63,83,90,73,72,58,53,23,68,74,54,64,32,48,29,58,40,23,91,34,63,33,38,30,27,19,75,17,89,107,117,131,80,63,27,81,44,12,44,64,63,80,67,71,67,47,85,41,74,108,45,29,88,63,68,69,34,51,40,24,2,4,2,4,27,18,15,5,11,28,38,12,83,27,52,50,13,34,56,40,28,27,13,38,32,48,11,19,17,17,15,10,111,71,84,168,67,44,67,108,44,80,72,32,30,56,80,36,55,43,48,67,57,78,100,84,70,100,50,66,41,8,41,45,2,3,4,11,65,38,85,53,50,64,155,60,72,56,103,54,42,17,19,13,82,57,39,35,41,22,34,25,47,95,96,44,156,161,72,29,44,14,100,15,39,44,10,31,62,21,106,31,72,58,31,78,119,101,97,112,77,39,73,72,77,77,48,62,39,71,3,33,104,65,97,98,42,40,65,79,77,39,28,72,39,3
"Traf4",3,77,24,20,42,52,17,27,2,22,44,15,30,37,13,79,11,18,14,9,4,7,11,21,31,26,14,29,39,37,30,11,17,14,35,19,8,31,10,17,12,50,9,17,18,16,33,4,26,5,23,26,37,38,33,14,15,36,38,14,37,15,32,24,19,73,12,16,20,7,22,25,28,31,16,10,21,14,23,32,16,42,15,19,29,29,38,24,30,18,12,14,10,14,16,15,23,10,50,34,34,20,20,45,20,23,34,35,21,19,2,2,2,0,34,29,32,13,62,27,25,39,52,27,45,32,12,26,42,44,9,34,45,68,20,10,48,54,9,29,58,17,17,42,8,17,13,41,11,3,56,35,45,33,39,11,27,15,17,23,6,9,19,14,27,29,15,12,6,40,18,11,22,32,1,4,6,15,36,32,54,19,32,45,33,19,28,37,10,33,18,13,24,11,26,39,30,3,65,6,16,17,21,18,31,89,9,19,23,7,5,4,11,4,18,11,19,18,13,21,18,16,23,16,51,17,53,24,15,27,21,12,22,57,44,45,8,32,5,19,17,16,37,20,19,5,2,16,8,28,47,49,15,39,5,0
"Crhr1",1,9,7,2,8,16,17,22,4,19,14,19,33,8,1,9,1,5,1,0,1,0,1,9,9,13,18,15,14,18,24,11,13,5,23,12,3,9,5,8,7,7,19,10,10,13,7,2,6,1,20,28,19,26,12,4,13,2,14,4,14,13,7,5,5,3,11,9,32,20,18,11,11,4,11,1,4,4,5,3,7,7,5,13,2,20,10,12,9,6,3,6,2,4,16,5,17,8,14,17,6,6,18,19,7,10,15,18,4,5,2,3,0,1,10,7,10,4,2,2,4,5,13,8,10,7,2,6,7,13,4,3,4,3,1,2,1,3,1,2,9,2,8,4,15,6,5,6,14,4,3,5,7,1,0,9,14,4,6,11,8,4,15,3,7,18,17,10,4,16,5,5,8,13,4,1,2,4,15,23,17,11,33,20,21,9,8,10,8,9,10,6,6,6,15,14,21,9,5,2,5,6,26,8,8,3,6,5,3,7,0,3,7,0,1,11,4,9,22,12,27,13,19,10,6,26,8,16,13,20,14,3,17,20,13,18,11,9,4,7,0,3,10,6,20,17,4,17,6,33,12,14,12,7,8,0
"Ttyh2",0,53,49,42,114,36,130,55,27,44,12,8,27,39,43,205,120,27,165,261,144,154,30,13,32,18,111,34,21,44,55,25,64,31,32,2,7,38,25,29,54,83,54,103,34,21,6,91,48,80,55,5,26,52,42,23,26,3,30,80,30,85,81,10,41,22,10,39,29,8,17,40,27,45,151,96,23,55,66,95,77,9,51,32,36,13,32,95,18,45,8,9,8,56,42,9,27,41,26,12,20,29,34,44,34,19,25,43,47,38,244,213,128,330,81,99,35,92,123,114,65,142,106,96,55,121,32,47,160,135,20,30,147,144,15,41,237,242,14,26,196,28,45,56,37,15,31,49,39,53,25,38,48,35,46,10,7,23,75,9,7,19,17,54,56,49,21,56,7,31,49,218,23,57,339,145,113,33,29,67,57,32,27,34,19,50,48,75,77,60,8,6,44,8,30,60,28,24,120,19,49,34,41,38,32,52,12,116,68,56,213,521,73,127,83,37,129,26,94,39,37,57,40,90,67,68,18,55,78,41,19,57,11,60,8,67,49,52,37,35,3,31,34,35,109,11,3,36,77,22,54,30,31,129,77,1
"Galr2",1,4,10,10,2,8,1,4,3,4,5,1,8,7,2,4,7,3,2,0,4,7,7,16,11,13,7,9,15,4,5,6,5,6,8,5,6,3,11,2,5,3,9,15,5,9,8,11,2,3,11,9,9,8,14,13,5,6,7,5,2,11,8,7,4,10,6,2,3,8,5,3,5,5,3,1,10,2,12,6,8,12,8,15,6,8,5,5,9,14,6,5,3,4,7,3,5,5,12,15,10,7,12,3,9,14,12,14,15,12,6,4,0,4,10,5,6,8,16,20,11,15,26,9,13,10,7,20,16,15,7,3,7,7,11,8,5,18,4,8,11,5,10,6,4,11,2,4,9,7,17,18,15,4,3,5,1,6,13,12,3,5,11,10,9,3,6,11,2,10,19,14,7,21,5,3,3,10,9,11,11,12,15,14,26,15,14,26,12,21,9,9,10,4,19,11,14,10,14,3,5,7,16,13,4,8,21,16,10,8,1,3,3,2,8,4,2,5,9,4,7,7,11,17,7,6,20,16,8,14,2,1,9,8,15,12,6,7,12,11,9,6,11,5,10,13,11,10,14,17,9,8,9,9,6,0
"Baiap2",1,38,68,11,28,55,13,63,54,80,120,179,117,79,19,16,19,28,7,5,23,39,71,77,66,98,92,82,97,123,68,50,34,64,34,33,43,30,27,37,18,36,54,44,53,69,19,11,14,7,43,55,58,60,44,37,47,33,63,47,31,58,46,50,51,37,62,51,77,62,76,51,75,50,10,16,41,28,32,68,17,29,57,70,28,47,43,44,33,83,90,62,64,63,72,39,71,66,78,69,56,58,63,67,62,40,34,67,37,65,7,2,6,4,90,62,36,45,145,123,127,173,135,96,127,158,45,34,227,142,36,20,172,160,44,44,183,220,12,34,155,18,26,39,31,34,23,35,91,30,64,54,77,46,37,34,103,51,65,56,64,76,70,54,43,48,80,76,42,63,39,52,53,59,7,5,8,7,55,57,47,61,71,36,48,20,44,57,69,69,40,44,25,26,97,56,139,50,45,36,31,66,102,54,54,44,32,53,53,37,24,5,52,3,39,86,23,100,79,40,102,63,93,88,64,80,66,74,57,53,32,17,54,43,40,28,19,34,38,15,21,12,31,41,33,30,21,101,55,185,103,129,60,44,25,1
"Scgn",0,3,6,3,2,3,2,10,3,21,15,39,13,5,0,4,3,0,2,0,2,3,5,27,5,31,28,17,27,14,11,6,5,12,6,10,6,3,6,2,0,4,5,6,3,8,7,3,0,2,3,5,6,3,2,5,3,4,0,5,5,4,8,5,5,27,11,14,16,11,40,7,2,5,2,1,6,7,2,3,4,6,6,4,1,6,5,6,4,19,4,3,7,8,0,4,11,2,6,2,3,6,1,4,4,3,1,3,5,4,0,0,1,1,2,1,4,2,2,3,8,5,3,8,5,5,5,15,9,3,6,0,2,5,6,16,2,7,2,9,5,2,4,2,2,5,6,2,9,2,20,3,8,1,4,2,3,2,5,5,2,5,6,1,6,4,8,7,2,4,1,3,2,8,3,2,1,0,5,10,1,2,4,1,2,2,0,6,5,4,6,4,5,6,6,8,16,18,4,1,3,5,4,3,6,3,7,2,0,11,1,2,6,0,1,3,2,19,4,6,15,11,11,25,12,4,6,4,6,1,2,2,1,7,3,8,3,4,3,3,0,2,6,0,4,7,4,16,5,29,11,17,11,5,3,2
"Sox4",3,31,38,21,36,39,37,22,24,41,39,27,34,30,21,29,29,38,13,5,12,11,35,30,41,33,39,32,46,51,46,25,33,20,61,43,40,25,15,33,26,45,49,29,30,69,29,18,12,14,42,51,43,70,56,54,48,24,42,45,44,59,45,44,45,71,31,28,59,42,59,36,34,38,25,6,28,24,29,44,38,30,30,73,21,49,27,45,50,47,36,33,20,64,48,54,44,36,81,49,42,34,58,73,67,44,44,66,70,59,24,21,4,15,73,64,33,52,91,74,83,93,74,84,53,72,29,49,116,100,35,43,83,81,49,23,65,94,24,25,109,26,53,54,35,51,32,25,35,54,54,81,65,43,33,33,22,23,46,33,36,36,59,45,45,37,53,61,17,65,69,47,67,55,26,26,16,32,43,57,34,27,24,47,49,19,49,48,40,68,66,26,44,22,36,48,35,30,41,21,22,23,51,42,14,39,53,27,60,34,23,13,27,13,42,37,15,51,46,27,34,31,34,54,32,29,31,64,32,49,26,26,31,76,51,54,29,36,36,53,23,27,45,29,43,42,20,43,38,69,49,31,48,37,38,3
"Serpinb1b",2,12,34,2,3,8,0,2,18,10,4,4,3,3,9,2,4,0,4,1,3,0,3,0,4,5,2,8,17,28,8,0,6,6,6,17,20,9,12,2,10,11,13,16,5,10,4,5,1,0,10,6,7,14,9,17,2,10,3,16,4,12,7,10,5,8,0,0,7,1,8,2,6,3,1,1,8,3,10,6,4,13,11,6,2,4,4,5,4,5,2,5,2,2,13,4,1,7,6,9,13,2,11,2,10,6,7,13,11,4,3,0,0,1,5,2,1,2,18,14,5,7,20,7,10,10,3,1,7,15,1,2,6,13,4,4,9,19,3,3,21,7,2,6,7,4,7,4,10,3,4,5,2,2,1,4,4,1,2,6,8,1,4,3,5,3,3,4,4,6,4,4,2,4,2,1,0,0,1,5,4,7,5,3,13,5,10,4,12,5,7,2,14,3,10,4,11,2,5,3,0,6,4,5,6,4,4,2,0,10,6,0,1,0,0,3,1,6,3,4,10,17,2,13,5,2,26,31,20,18,12,1,5,16,19,20,7,10,3,1,0,2,6,3,5,3,2,5,30,3,10,1,1,3,1,0
"Sema4d",26,117,116,61,41,76,58,75,47,102,95,102,90,73,44,74,56,28,85,64,32,42,56,64,87,446,63,65,71,135,103,44,66,72,88,95,63,50,49,48,45,152,99,93,71,116,72,55,46,68,133,104,116,109,94,59,77,31,96,63,100,92,84,86,60,108,65,49,149,73,124,83,88,55,35,24,57,53,45,93,99,125,100,107,62,104,70,61,90,100,99,103,98,123,108,64,110,118,150,109,97,87,127,104,125,115,105,124,104,70,95,83,40,92,104,87,72,45,49,100,88,94,118,86,108,104,58,66,148,98,65,53,48,52,52,77,32,64,37,67,46,37,127,97,119,133,79,94,168,121,119,104,112,88,86,86,94,66,110,120,81,99,98,85,103,108,120,88,72,105,90,87,136,144,91,51,27,38,110,110,105,114,88,88,106,82,76,111,80,113,74,45,59,24,133,118,154,69,98,39,45,76,126,98,54,60,93,87,55,65,68,100,50,64,54,88,45,86,113,76,108,50,95,125,50,76,96,115,102,117,71,56,81,101,121,116,52,84,140,73,5,83,86,39,71,90,41,80,112,120,66,71,65,91,72,5
"Cxcl14",1,65,59,45,109,39,105,68,93,59,48,49,55,43,22,62,68,50,14,32,38,25,103,53,53,188,87,122,127,134,110,103,116,51,76,21,19,89,48,28,52,60,35,87,56,25,17,15,8,27,61,33,37,89,73,68,59,13,58,107,65,111,68,46,41,80,36,66,96,42,120,90,57,45,60,25,52,57,46,50,51,58,116,83,85,56,54,67,38,52,30,43,20,114,31,27,44,62,83,55,50,68,87,68,36,38,33,76,69,34,17,6,13,6,43,32,18,65,62,54,55,49,54,97,50,31,47,61,68,71,46,38,47,39,36,48,65,97,24,36,73,28,45,79,56,26,68,59,102,85,65,56,99,85,72,50,11,41,116,17,22,30,73,119,64,74,44,59,24,38,42,20,50,64,27,13,30,32,40,91,149,56,41,31,62,23,84,49,32,82,67,39,57,47,57,35,157,44,104,129,24,71,88,51,69,49,93,99,20,43,19,23,42,10,69,68,55,73,100,109,78,62,120,61,77,111,35,63,31,73,19,30,34,74,37,51,27,31,35,41,4,41,32,45,60,41,49,138,52,92,101,70,105,37,107,3
"Crhbp",0,3,3,10,5,4,4,0,2,3,2,1,5,6,1,1,2,0,0,3,0,2,1,3,10,8,7,4,5,4,5,1,0,7,14,20,7,13,9,17,2,12,5,3,1,3,1,5,1,0,2,3,4,2,4,1,3,1,4,3,8,3,3,2,2,15,3,2,4,6,6,3,2,4,0,0,5,29,1,3,4,0,42,2,3,2,21,2,2,14,3,1,17,7,10,7,10,1,6,5,2,6,3,5,2,2,3,1,6,0,0,0,1,1,4,4,1,3,2,0,1,1,4,2,8,5,4,3,20,10,3,1,6,8,4,1,9,4,1,4,1,0,0,2,0,2,3,2,8,2,2,8,7,3,10,8,3,2,16,5,4,11,0,4,4,2,4,3,1,2,2,2,1,4,1,1,0,1,4,0,4,3,2,1,7,2,3,7,1,10,9,1,2,9,3,1,8,11,1,6,0,2,15,2,2,1,2,1,7,2,0,0,1,1,3,3,1,6,3,4,4,7,7,4,2,3,7,5,15,12,1,8,18,39,7,4,11,2,3,2,1,1,4,2,39,7,3,7,3,3,2,5,2,2,2,0
"Fst",3,16,29,7,15,19,6,14,7,15,18,14,9,21,7,10,9,6,5,3,8,4,7,12,12,11,12,16,19,34,19,10,6,14,18,22,8,6,13,22,13,21,16,20,21,23,5,7,7,13,14,17,24,16,17,12,17,8,23,17,14,19,15,31,9,18,10,8,14,8,15,7,11,20,3,6,7,7,7,13,14,9,15,14,11,5,17,5,12,12,16,21,13,22,21,11,30,17,27,17,12,10,24,17,16,6,16,11,12,10,9,7,5,8,18,18,3,7,21,18,17,24,22,17,25,21,12,10,26,14,9,7,30,27,8,7,24,35,7,7,19,6,18,22,20,20,6,12,20,11,15,25,21,19,13,20,20,9,17,24,13,17,24,17,24,23,11,17,9,11,14,13,16,17,4,4,6,2,28,30,15,15,10,11,14,6,10,11,17,15,17,15,5,6,10,9,12,11,12,9,6,8,16,7,6,4,16,14,1,6,5,9,7,0,8,12,7,14,13,5,8,7,8,11,10,8,10,10,7,9,5,9,9,9,10,11,2,4,5,8,3,6,8,12,23,17,4,15,12,33,19,21,11,16,10,2
"Isl1",9,23,4,18,5,3,0,1,3,7,4,5,3,11,3,6,2,6,1,0,0,0,0,1,2,8,10,6,10,28,1,3,1,12,7,9,17,11,6,10,3,10,18,16,7,9,17,7,9,1,23,5,21,10,7,6,14,7,28,20,23,19,16,20,3,21,8,4,41,14,9,13,17,4,2,0,4,5,2,2,1,1,0,3,1,1,8,3,12,4,16,21,11,26,30,11,22,21,29,21,3,23,20,18,29,17,13,14,18,3,1,1,0,0,7,5,4,4,5,6,17,8,3,3,0,4,0,2,7,4,4,5,2,2,3,0,1,7,0,1,0,0,1,1,1,1,0,1,4,2,6,4,1,1,15,12,19,17,13,19,29,24,7,9,27,12,16,15,10,9,8,3,9,15,0,1,0,1,8,1,13,5,9,3,8,0,8,29,9,19,4,12,6,2,43,8,26,8,3,12,2,7,2,6,1,2,2,2,4,16,0,0,1,2,0,16,0,9,2,6,2,5,16,8,5,9,4,19,4,13,12,5,10,18,22,15,4,20,17,2,1,21,9,1,9,4,0,8,0,5,4,4,2,6,6,0
"Greb1",1,8,3,5,3,9,14,41,3,36,51,14,5,13,0,5,1,0,1,1,0,3,2,1,4,4,3,7,3,3,9,4,30,4,5,25,1,1,12,6,2,7,5,2,11,3,2,0,2,1,12,8,7,15,16,8,2,1,7,4,3,11,3,4,9,10,15,6,20,11,13,3,6,16,6,1,4,1,0,6,0,2,5,2,0,1,14,0,7,5,7,10,7,8,8,10,27,8,10,14,4,7,12,13,12,1,5,3,14,3,0,0,0,0,7,11,6,23,20,6,16,11,20,8,23,21,4,8,22,10,16,8,7,19,7,11,9,30,0,2,24,2,2,0,1,1,3,2,0,1,16,2,5,4,9,20,23,7,3,30,29,11,12,10,6,9,5,4,15,6,3,11,20,12,1,1,1,4,42,12,3,3,14,2,13,3,2,3,3,6,22,2,6,8,10,7,9,13,1,2,2,8,8,0,4,5,0,1,4,1,1,0,1,0,0,17,1,17,6,2,18,11,5,16,6,20,3,1,10,11,7,7,7,5,13,16,0,1,6,8,4,1,8,0,1,0,0,12,0,49,7,3,2,3,0,0
"Etv1",0,15,11,3,15,17,10,8,5,26,23,19,7,10,2,12,12,8,11,7,2,9,5,4,20,4,8,7,19,30,44,10,23,7,14,5,9,13,8,7,3,13,6,8,4,7,2,5,1,12,8,4,10,9,6,12,9,16,7,13,9,7,4,1,8,8,6,20,5,1,10,13,8,17,4,5,5,31,9,10,11,11,8,33,14,12,8,88,11,57,2,4,5,7,18,7,13,8,8,9,13,10,11,21,15,4,9,8,8,6,17,22,14,25,17,11,3,7,7,8,4,9,10,14,15,7,8,11,19,16,7,7,4,7,6,6,1,10,0,4,8,2,6,5,11,18,5,7,27,5,11,18,32,9,14,10,5,4,18,18,7,26,10,7,9,12,11,10,4,21,0,20,3,10,28,14,6,9,7,19,13,5,8,11,10,6,12,23,10,25,8,3,12,5,3,20,7,3,75,1,11,9,91,8,17,12,13,10,5,4,3,20,3,5,6,5,10,15,44,12,12,12,1,9,11,17,7,19,13,12,5,17,9,17,16,9,3,16,9,8,3,2,7,11,12,9,2,8,11,14,7,7,7,17,9,0
"Coch",3,3,17,5,2,14,32,24,2,1,31,16,10,7,1,2,8,7,0,1,0,1,2,22,12,14,14,14,26,17,16,11,17,22,24,29,9,37,8,34,4,21,15,6,16,26,14,0,6,7,13,39,31,18,15,6,75,8,17,10,13,11,5,17,8,22,9,15,37,30,27,11,14,1,2,1,13,1,2,10,3,3,6,9,5,7,6,8,16,24,22,16,44,21,45,27,40,12,33,37,8,18,42,20,31,12,58,30,56,26,4,2,1,3,13,17,7,17,2,5,13,5,23,36,8,13,5,8,17,10,4,11,0,3,1,21,3,11,2,5,3,3,4,12,1,2,1,7,13,4,25,24,6,13,13,14,23,12,14,21,18,28,23,26,23,20,7,17,5,46,24,2,13,35,7,1,1,10,9,34,0,26,35,8,24,21,7,20,21,7,14,13,6,4,19,32,18,13,7,14,7,7,5,8,2,3,1,0,5,2,4,2,5,1,1,4,2,7,23,3,18,13,26,16,5,19,17,11,7,17,24,34,27,40,21,21,20,4,5,8,1,3,3,18,6,15,6,12,2,17,12,13,8,1,5,1
"Prlr",16,37,61,11,16,22,34,13,25,27,22,21,14,14,8,3,1,3,1,0,1,8,0,13,17,22,18,19,14,11,45,9,23,13,86,51,22,25,38,46,26,56,39,15,45,64,32,10,17,9,82,67,70,99,44,17,51,14,31,23,38,16,15,12,28,35,26,10,20,20,14,9,11,5,3,2,16,4,17,12,6,3,22,20,10,5,24,4,23,33,22,19,39,47,52,44,61,42,53,79,32,28,94,72,39,25,61,62,59,28,2,0,3,0,15,11,10,8,7,8,19,11,32,16,20,11,16,27,31,18,14,15,4,16,8,38,3,41,2,6,3,1,2,3,3,2,1,0,14,4,37,24,17,25,15,25,37,29,28,44,30,35,32,48,59,95,34,66,51,89,44,3,82,92,1,4,2,6,95,62,70,36,126,43,54,27,16,18,23,19,51,23,10,8,30,30,18,16,3,6,6,7,7,17,14,9,9,11,9,4,2,2,14,1,1,14,2,16,19,8,9,27,8,23,27,38,42,29,26,44,60,22,45,56,37,42,14,19,35,8,1,15,20,27,15,39,15,21,42,48,24,18,32,22,9,0
"Trhr",0,3,14,3,12,7,9,6,2,2,6,21,8,4,3,5,4,3,5,1,2,4,3,3,4,0,15,16,11,7,8,7,0,8,4,15,13,0,2,5,4,6,5,5,3,13,5,0,1,1,8,17,8,8,7,7,15,6,7,3,2,9,5,6,5,6,4,1,4,2,7,2,0,6,1,1,3,0,4,0,11,12,10,6,1,10,4,3,5,4,2,0,4,2,3,9,2,3,11,11,7,7,19,8,11,7,1,10,5,0,1,2,1,3,3,1,1,2,5,5,3,4,5,7,6,5,6,9,13,2,6,2,4,4,4,5,0,1,3,5,3,5,12,2,3,7,0,2,9,3,14,2,8,4,4,5,1,1,5,12,3,4,6,8,10,10,4,22,11,25,4,2,0,11,2,0,1,1,4,5,7,10,17,11,4,9,2,3,4,1,3,2,1,1,4,4,9,5,5,2,4,3,8,9,9,7,5,2,4,1,4,1,2,0,3,2,2,12,6,7,8,3,14,6,7,10,2,9,8,11,3,5,11,10,5,4,2,5,1,1,2,2,6,3,2,1,1,15,2,10,9,2,4,4,4,0
"Ndrg1",3,40,116,108,124,92,136,136,68,141,113,312,129,64,44,210,131,69,253,377,267,250,94,68,69,121,275,150,61,83,127,135,57,69,75,55,72,45,67,103,42,160,108,125,61,109,46,118,119,202,112,82,118,68,90,42,67,56,71,83,56,127,101,59,106,64,40,73,72,62,107,90,63,83,222,91,31,81,67,97,82,53,94,80,42,96,63,80,67,85,48,35,82,55,58,40,96,102,60,71,57,74,83,102,87,78,69,90,90,102,421,451,320,705,72,209,50,240,59,51,61,97,58,92,69,55,40,63,81,58,38,46,51,33,40,41,57,69,25,44,57,80,121,130,86,114,58,51,75,159,57,42,82,37,45,75,84,51,85,70,61,75,55,53,74,64,48,92,47,80,61,433,116,158,704,250,266,37,79,127,94,94,71,37,51,100,50,89,117,91,25,47,50,20,119,124,101,82,83,55,63,82,38,41,67,36,89,103,82,79,226,601,95,284,104,50,202,109,144,54,109,95,86,171,171,93,45,155,150,69,27,58,57,74,43,88,72,74,99,80,82,56,48,98,84,168,39,156,154,189,139,160,133,197,117,12
"Mlc1",2,133,57,88,166,112,140,56,52,98,103,34,115,104,56,88,86,111,14,44,67,53,169,57,113,149,125,98,111,121,69,46,160,81,75,53,25,92,94,107,123,106,68,162,115,47,32,57,15,142,219,74,143,282,107,121,134,39,71,216,164,191,134,43,101,162,79,134,112,53,80,106,139,113,81,31,103,102,104,70,96,85,243,179,173,119,118,187,64,155,70,102,77,147,106,86,76,165,134,87,101,135,146,256,90,139,150,263,194,402,66,12,40,28,475,700,166,505,619,530,343,697,426,335,370,478,154,135,796,614,117,59,827,650,101,101,873,962,29,89,904,60,103,174,111,67,145,181,206,65,64,143,149,146,130,85,36,85,194,68,95,53,210,336,180,213,125,170,103,136,206,471,177,213,87,151,135,204,146,299,159,208,179,80,125,67,134,119,58,146,77,72,156,56,97,58,72,66,244,124,65,83,174,75,120,99,69,151,80,78,54,37,107,12,193,87,56,107,168,113,106,77,64,71,55,102,79,119,66,155,76,89,59,151,52,129,47,95,129,154,63,112,77,63,108,15,13,49,70,76,116,87,106,78,149,11
"Amigo2",148,187,93,51,29,44,30,24,21,47,46,72,77,54,32,29,28,36,4,10,1,12,50,35,82,51,51,68,75,84,52,38,25,33,89,50,48,50,53,57,44,102,187,297,67,112,167,45,17,36,95,101,167,71,64,66,71,46,93,64,51,119,50,66,53,124,31,33,118,72,105,40,110,18,10,6,37,34,47,77,79,81,125,72,53,76,43,20,58,75,78,134,71,130,251,76,92,140,73,70,59,82,114,74,82,34,122,95,95,67,20,2,0,2,72,86,26,38,46,61,59,73,162,65,84,35,62,98,74,61,28,33,27,36,36,35,17,37,20,57,63,50,97,107,85,113,57,83,118,73,42,69,44,33,69,67,150,115,89,84,130,142,128,175,120,91,88,66,48,137,114,15,120,77,8,12,23,37,89,95,87,114,60,61,67,44,149,86,63,57,70,80,17,48,140,90,92,51,56,43,22,23,98,79,47,29,137,63,22,47,16,15,31,1,30,61,26,72,37,52,46,55,36,60,33,22,40,53,26,142,135,29,62,121,157,213,22,114,150,86,15,238,41,23,28,15,2,51,25,59,54,60,23,40,12,0
"Myh11",0,6,1,7,4,2,3,3,0,1,16,6,5,11,6,6,3,2,2,4,1,2,4,8,9,10,2,6,6,7,10,1,4,2,1,2,4,3,6,5,5,176,3,8,7,11,2,2,1,1,3,4,2,8,5,74,5,113,5,120,6,4,10,10,6,6,3,2,5,2,6,16,3,0,2,1,2,5,5,6,3,24,4,368,33,12,2,183,2,99,1,6,5,3,4,4,1,5,7,1,4,4,4,6,32,3,3,5,33,155,1,3,1,0,2,14,2,4,5,7,6,2,5,2,5,5,3,4,11,7,2,1,4,4,2,2,6,1,1,102,42,429,7,8,5,2,351,0,20,1,6,4,3,2,1,3,1,1,3,2,9,6,6,0,8,61,3,1,3,9,5,3,6,9,0,5,0,1,6,7,5,4,18,3,2,2,10,9,14,12,4,5,27,0,12,3,4,0,1,2,0,1,4,3,2,3,52,8,2,239,0,0,0,0,0,1,0,36,4,0,2,2,5,3,3,7,2,2,1,73,2,3,3,6,1,13,2,1,0,7,214,0,11,1,3,5,2,2,0,9,5,8,0,0,0,0
"Igf2r",2,31,37,13,21,44,15,29,20,38,48,49,40,27,13,13,12,13,9,7,5,7,11,27,30,23,24,33,30,42,29,23,25,13,25,25,29,30,16,19,22,31,30,14,28,50,17,10,13,7,43,44,50,50,39,23,46,23,31,30,26,28,38,33,38,41,31,21,65,23,48,31,28,14,8,3,33,30,23,28,31,31,29,36,14,27,17,15,32,40,28,41,27,42,38,42,54,58,55,43,42,22,69,44,40,38,43,33,31,34,8,19,5,12,47,31,25,26,40,51,61,55,71,34,58,58,24,48,65,55,14,20,60,60,14,31,36,59,7,16,62,12,17,24,24,49,17,26,64,28,38,41,51,15,27,25,26,20,38,37,29,33,38,44,35,38,41,60,17,40,33,21,31,46,14,10,5,12,29,41,32,28,51,21,40,34,32,36,23,28,39,31,21,21,44,33,43,35,30,7,21,21,46,35,42,20,33,41,34,15,16,13,26,2,23,26,11,32,39,26,27,42,34,40,17,24,40,39,34,55,32,7,29,32,23,34,32,24,36,24,11,20,26,9,38,15,4,39,26,50,27,35,27,21,15,0
"Sox8",1,52,30,32,62,32,39,34,6,25,40,24,34,57,17,53,30,27,60,77,26,42,29,43,42,53,45,38,34,46,32,21,36,22,39,16,6,33,17,21,36,59,29,52,31,15,28,12,32,32,37,24,26,51,55,22,23,36,31,53,54,40,35,14,13,51,14,31,25,18,30,18,20,39,44,25,22,23,35,48,42,20,37,24,39,19,25,22,21,25,16,25,14,39,17,26,39,41,41,35,18,40,31,60,34,25,32,56,18,20,113,78,65,114,28,27,32,33,46,24,36,46,24,30,26,10,18,58,27,25,36,34,28,48,11,25,38,39,17,20,12,23,26,45,29,21,23,41,19,26,53,44,49,39,47,38,43,19,55,25,10,23,33,43,75,49,23,40,16,41,53,76,22,38,126,60,41,29,34,40,52,30,22,29,39,19,49,61,21,83,31,11,30,18,26,37,45,10,53,15,11,24,35,33,42,73,19,67,41,12,63,102,23,47,35,17,53,36,38,26,41,25,18,25,35,45,45,34,18,31,13,27,21,55,21,42,13,32,8,23,5,34,23,41,56,25,22,27,34,43,42,49,24,54,57,4
"Cdkn1a",4,27,15,21,16,31,13,24,18,33,35,15,20,11,3,16,25,26,9,5,13,14,20,18,17,12,16,17,12,33,19,11,10,8,21,13,12,7,14,16,8,24,21,32,20,15,14,17,20,33,22,19,27,40,32,25,17,11,37,31,22,40,23,11,21,15,15,11,25,24,29,17,15,18,15,5,17,12,6,10,18,25,33,19,11,14,23,20,9,24,26,24,8,24,30,16,33,42,29,35,34,25,19,34,30,21,29,28,23,22,26,25,12,32,34,39,10,31,31,28,28,30,36,43,38,28,10,24,48,40,16,14,35,27,24,15,25,29,2,15,31,6,27,26,22,26,14,23,26,23,27,37,22,14,20,19,22,17,29,16,19,17,30,25,28,41,17,29,13,27,27,43,21,24,42,26,28,35,31,42,23,22,19,18,28,11,25,30,17,33,39,26,29,18,34,13,35,15,37,13,10,30,26,29,33,11,25,32,16,34,27,43,43,13,22,24,16,24,34,23,38,22,39,20,16,39,45,37,36,26,16,29,23,42,28,34,14,45,56,68,36,45,35,44,33,27,11,38,16,56,37,27,19,24,23,5
"Cpne5",10,66,73,2,27,47,15,62,47,74,57,35,39,22,21,28,45,14,4,2,4,4,12,30,45,45,46,32,69,134,60,23,49,27,23,40,32,16,4,19,19,25,54,22,20,51,25,7,5,5,47,33,72,33,32,20,38,19,44,25,35,50,34,40,21,37,75,29,112,66,113,53,82,52,13,3,41,43,38,50,28,27,67,109,35,85,30,33,39,71,71,59,34,45,74,65,97,54,57,58,54,33,49,23,50,17,41,59,50,10,2,1,0,1,10,9,6,3,9,28,27,19,65,28,59,25,25,42,39,60,57,32,20,21,17,48,0,15,7,17,14,14,63,73,63,74,32,50,95,44,57,67,56,34,43,54,92,47,66,66,32,48,42,26,52,44,35,40,19,42,37,9,60,39,2,1,0,3,66,21,41,51,78,26,55,53,14,22,20,36,59,38,41,22,131,30,94,86,105,51,20,56,96,49,67,10,50,20,39,48,7,7,35,2,15,55,9,54,70,49,65,73,84,57,24,55,34,83,40,27,18,9,56,30,29,36,5,11,21,20,1,4,32,14,27,13,4,46,24,110,50,32,23,6,11,1
"Plin3",1,6,8,9,18,6,24,15,7,10,11,5,9,16,7,37,41,10,19,54,20,52,11,6,7,1,23,5,7,6,8,0,6,2,7,2,7,5,7,8,13,19,8,13,11,3,7,27,5,62,6,7,4,7,3,9,11,9,1,23,4,14,16,7,2,9,3,13,8,1,3,5,10,15,41,18,2,23,7,13,22,15,11,21,16,14,12,18,4,25,4,3,4,13,9,4,6,11,14,12,8,4,6,14,15,10,7,11,24,37,84,84,43,149,32,62,7,45,59,51,27,76,46,15,36,40,6,20,54,47,2,4,63,54,8,7,87,88,0,11,103,16,5,16,6,5,16,6,26,19,5,14,21,8,4,6,3,1,20,3,7,7,6,14,10,8,4,14,2,2,14,182,10,17,179,88,44,15,9,22,4,5,2,3,5,25,13,10,25,10,2,2,9,3,12,23,7,6,20,16,11,13,15,11,15,15,2,13,21,22,9,126,18,13,35,9,18,11,32,0,5,22,6,17,19,3,6,12,8,16,7,19,5,12,1,8,3,16,13,15,14,3,4,8,13,27,1,9,7,11,12,3,8,19,22,1
"Aqp4",2,73,42,60,98,19,26,23,24,43,31,16,48,43,30,64,78,66,23,51,60,59,72,10,40,69,28,41,32,31,31,11,107,38,24,13,12,76,60,32,86,52,55,105,59,7,7,12,4,124,55,25,45,120,62,50,72,9,52,90,92,109,54,8,50,45,24,67,60,11,26,54,53,52,47,37,61,49,60,89,47,61,200,101,114,84,43,70,43,57,22,56,19,62,44,31,35,62,51,38,34,29,62,63,38,46,40,110,59,141,82,13,72,35,201,232,57,171,367,284,167,407,252,204,173,233,53,54,341,245,38,8,257,234,35,42,345,392,37,51,330,58,67,110,105,37,98,92,86,37,27,61,109,56,58,26,12,38,102,22,11,26,90,112,43,71,41,72,26,64,83,139,50,78,373,64,47,96,44,96,74,68,35,39,53,13,89,40,21,85,15,11,25,6,22,19,37,28,109,72,23,37,94,39,27,63,60,107,48,53,21,29,52,8,52,26,85,36,62,34,31,27,13,26,30,56,37,47,17,65,27,27,22,67,35,50,35,37,77,70,57,64,21,30,65,24,17,19,25,31,72,43,41,44,255,3
"Syt4",30,120,188,65,97,112,52,98,79,102,110,118,111,91,36,49,32,34,3,5,5,18,44,87,101,90,94,106,75,126,164,57,63,89,153,99,74,59,101,106,50,148,147,69,109,181,80,34,37,10,124,209,229,182,130,62,168,68,171,82,142,102,108,129,92,113,74,43,153,82,108,52,117,66,23,18,87,64,92,126,165,268,167,138,94,120,63,81,109,175,87,97,104,106,137,92,157,119,170,162,80,120,205,130,146,96,182,156,125,54,10,0,0,0,84,23,52,21,41,66,116,80,148,161,198,140,54,116,160,95,76,37,44,98,71,106,20,46,39,85,22,51,310,260,247,308,115,141,180,201,137,207,160,75,78,101,111,67,179,120,101,129,141,168,146,198,137,157,114,117,121,11,179,202,3,4,3,17,170,111,138,147,183,112,116,65,80,139,92,88,72,59,50,50,135,84,186,68,87,41,51,70,173,107,64,49,276,128,65,48,15,12,51,4,58,100,22,70,74,54,124,60,99,107,59,79,102,120,82,135,96,61,145,122,164,172,71,98,112,120,1,84,72,57,81,26,9,105,72,121,82,104,62,74,36,3
"Onecut2",0,40,31,28,22,48,17,29,14,8,50,27,25,29,17,9,19,6,5,5,10,4,16,21,29,33,27,31,17,44,34,10,19,20,46,39,28,16,26,30,20,40,34,25,15,38,13,19,24,6,21,33,30,20,39,38,12,15,38,19,36,22,26,23,33,16,18,21,16,12,22,21,11,9,9,5,16,19,24,34,10,12,8,17,6,10,18,8,29,10,8,13,12,29,12,22,22,32,31,9,22,40,44,42,46,20,34,61,30,11,8,6,3,13,18,20,42,15,26,17,32,32,27,14,28,26,30,30,44,22,32,35,29,29,8,31,9,19,3,8,9,8,24,7,8,14,6,6,27,6,44,23,22,27,24,23,13,17,50,38,15,12,39,41,26,22,20,46,24,8,32,17,28,27,7,8,4,14,45,30,39,27,18,15,55,18,21,26,33,38,11,20,8,13,19,44,8,3,6,3,21,7,12,21,12,9,8,20,15,13,4,4,12,0,10,15,10,20,17,13,18,9,20,22,5,16,25,26,38,29,26,21,27,50,19,40,22,42,38,36,4,33,49,21,55,27,29,21,16,18,11,7,2,11,16,1
"Mc4r",4,12,14,2,11,9,9,17,7,5,5,8,4,7,6,5,8,6,0,1,1,0,4,4,5,9,3,6,16,13,11,6,9,13,5,3,6,7,3,8,7,7,14,12,9,10,8,6,5,6,9,11,11,12,7,6,8,3,5,7,9,8,5,8,2,4,7,1,9,5,8,2,1,4,3,2,7,1,6,4,4,9,4,11,2,6,2,23,9,11,2,5,4,15,10,6,10,9,5,4,3,7,4,2,10,4,3,5,6,6,0,3,2,3,9,9,5,2,4,10,6,2,17,10,4,11,4,9,11,15,10,9,11,17,5,19,9,12,1,6,7,3,9,5,3,10,4,5,6,4,9,19,9,4,1,8,8,6,11,11,5,10,10,18,19,7,14,3,3,4,13,3,6,3,2,5,1,3,14,18,9,17,8,1,4,3,5,5,3,8,7,4,4,4,12,2,10,7,17,0,0,9,9,6,5,8,4,4,9,2,1,6,7,1,2,7,5,5,3,6,12,3,4,9,9,3,6,9,10,7,23,12,8,5,15,14,4,9,24,6,4,10,7,5,13,7,2,5,7,15,8,4,7,8,3,1
"Galr1",0,13,28,22,19,36,2,4,15,32,46,92,43,25,3,1,6,4,3,0,0,12,9,54,36,21,14,22,16,5,21,35,3,19,15,8,23,17,1,2,14,1,7,3,1,3,0,4,17,1,6,9,4,5,5,3,11,3,3,4,6,14,3,3,12,9,10,8,10,3,11,20,2,20,0,2,14,7,12,19,5,8,10,20,4,4,9,10,3,26,4,3,2,8,2,2,5,4,17,3,12,4,23,22,27,18,3,35,22,4,0,0,0,0,3,3,7,2,4,83,54,11,80,40,36,37,3,39,67,77,6,7,9,14,21,30,1,29,3,3,14,5,4,10,14,4,3,3,18,0,8,27,13,11,4,5,3,3,21,15,6,8,13,15,6,10,33,31,12,12,22,2,16,9,0,0,1,1,6,3,18,1,8,11,4,2,6,7,21,8,9,1,3,12,8,2,11,10,18,9,16,9,9,14,22,20,2,20,19,3,7,2,21,1,25,11,0,47,10,9,18,9,9,37,25,22,38,17,15,19,11,26,4,13,3,6,2,11,12,3,0,13,49,10,10,5,2,24,9,46,47,45,12,24,12,0
"Cbln2",48,251,196,125,114,182,77,133,86,119,128,90,85,60,56,73,24,47,11,11,13,15,52,44,100,90,100,117,98,188,124,83,77,66,200,210,95,87,91,83,100,150,125,167,46,94,79,62,47,9,64,164,164,95,96,133,49,66,154,71,108,72,105,122,101,97,93,43,141,105,130,129,61,45,28,26,68,78,92,94,75,94,158,213,81,254,109,50,109,124,68,64,64,139,80,124,111,141,206,114,143,143,139,90,127,179,105,96,130,53,21,2,5,3,94,30,61,27,160,51,188,266,114,103,131,174,94,124,174,113,142,89,99,118,83,101,44,71,40,96,85,60,94,88,127,128,91,157,248,70,194,169,178,170,135,174,78,68,229,190,82,80,196,133,131,110,165,212,166,71,162,40,149,235,10,10,10,23,257,213,188,122,100,82,151,81,53,163,125,158,141,105,76,59,114,107,157,57,110,45,62,81,135,164,85,95,84,132,108,53,51,35,98,8,104,189,37,168,111,162,155,97,164,79,59,116,121,131,72,249,137,112,115,189,126,281,113,98,159,147,6,123,115,139,133,165,137,119,120,183,96,80,48,88,72,6
"Slc15a3",0,4,3,5,8,5,10,3,2,8,5,3,3,5,3,8,2,5,0,2,1,8,6,1,5,6,5,1,4,5,3,3,2,1,9,3,5,5,5,6,2,7,1,6,2,5,1,5,4,1,1,4,9,3,6,12,2,2,6,2,3,7,3,7,4,9,3,2,2,3,9,6,4,2,3,1,1,6,6,6,5,7,3,2,2,1,5,4,4,5,2,3,1,7,2,4,1,5,3,2,3,3,9,3,13,1,3,5,6,6,3,2,3,5,8,5,4,4,6,9,6,7,8,6,8,4,2,3,8,3,2,2,2,7,5,2,3,5,0,2,5,4,5,3,3,3,0,4,7,3,6,5,2,1,4,5,3,4,2,5,6,1,7,5,5,3,5,10,3,8,5,4,11,8,3,2,1,2,5,5,2,2,7,3,9,14,5,17,9,9,2,0,1,3,7,5,8,4,5,0,1,3,12,6,6,1,4,1,4,2,1,3,2,1,7,4,0,6,7,5,8,5,5,13,4,4,5,5,7,12,7,3,8,16,9,9,4,6,9,6,4,6,6,5,0,8,4,3,4,2,7,2,1,6,1,0
"Gda",3,17,59,9,70,48,38,62,17,87,107,167,116,47,8,8,5,8,4,3,3,2,34,87,64,96,98,92,77,60,121,57,40,35,59,53,39,35,20,42,7,26,75,11,30,103,10,9,9,1,24,35,50,62,32,44,104,14,70,18,41,55,58,93,56,133,66,46,114,124,97,64,88,19,6,1,16,29,5,23,20,66,37,12,43,28,61,25,39,51,85,104,64,66,187,95,107,57,123,49,55,64,66,60,42,38,38,36,70,41,4,5,0,4,22,14,17,18,13,17,23,29,48,25,40,22,35,18,27,47,30,34,31,30,24,33,8,17,27,52,22,31,113,118,66,69,35,43,76,48,70,35,43,46,49,59,116,52,69,104,85,148,75,46,80,39,20,82,27,81,16,6,28,85,2,3,1,7,55,40,15,18,28,29,42,36,23,53,30,21,88,44,38,65,170,118,173,113,17,73,7,48,52,36,2,4,22,6,1,3,1,1,10,1,9,86,5,123,78,61,99,63,109,98,73,77,38,17,12,23,11,8,32,46,32,26,29,12,10,1,1,6,36,29,22,82,2,79,27,193,111,114,59,6,6,1
"Cyp26a1",0,1,4,1,2,2,0,6,0,3,3,1,1,6,1,1,0,2,0,0,1,1,0,2,0,0,1,0,0,1,1,1,2,2,0,2,2,0,1,1,3,4,4,1,0,1,0,0,0,1,2,3,3,0,0,2,3,0,4,1,4,3,1,2,0,2,1,1,3,1,0,0,1,0,1,0,0,3,2,2,1,4,2,3,0,1,1,1,0,3,0,0,0,1,5,4,7,2,4,2,3,2,2,4,4,5,1,3,3,1,1,1,0,1,2,1,1,2,2,4,1,2,1,3,0,5,0,3,2,2,1,2,3,0,2,0,2,3,1,2,2,4,1,3,3,2,3,1,4,1,1,7,1,2,3,2,2,0,1,2,2,1,0,3,2,4,6,3,1,0,1,1,2,3,2,2,2,0,3,2,1,1,1,1,0,1,1,1,3,1,3,1,2,1,1,3,2,2,2,0,1,0,3,2,5,1,3,3,3,1,1,2,4,0,1,5,2,4,0,3,5,1,1,2,1,2,2,3,0,5,0,2,0,2,1,1,0,2,0,2,1,1,0,0,0,0,2,1,1,4,1,1,2,0,1,0
"Opalin",0,3,11,6,18,4,20,11,5,9,6,1,6,5,8,38,20,1,86,50,32,10,1,0,3,2,19,4,1,5,10,2,3,3,3,3,2,2,1,3,3,9,16,10,4,11,0,14,9,6,5,2,5,3,18,0,2,0,3,10,1,20,8,3,9,3,2,3,4,1,8,12,3,9,18,17,2,6,2,11,5,3,2,0,1,4,4,15,0,12,4,3,3,9,6,3,5,3,4,5,1,4,7,2,4,2,2,6,2,2,30,16,31,42,4,3,44,7,5,4,2,7,2,5,2,2,4,5,6,3,3,16,1,3,3,4,6,8,2,2,2,2,2,4,4,4,3,3,2,6,2,6,7,2,0,10,6,2,21,2,3,3,5,5,7,3,1,6,2,7,0,18,2,1,41,21,20,0,2,1,3,4,1,0,2,13,0,8,17,1,3,5,8,2,5,8,1,3,6,0,2,2,1,3,5,7,1,6,11,7,95,101,10,74,10,4,39,4,10,0,3,6,13,7,7,6,1,31,7,1,5,12,2,3,1,2,17,1,1,3,1,1,2,4,33,9,5,3,35,11,1,2,6,14,7,7
"Slc18a2",0,16,10,7,5,27,3,2,4,6,12,6,10,4,5,1,3,2,0,1,0,0,2,7,16,11,9,12,14,8,6,5,2,6,12,6,3,12,8,2,11,3,12,12,14,50,9,2,8,16,14,21,66,12,8,12,16,9,9,8,4,13,3,7,3,11,10,2,8,1,11,13,4,1,0,1,2,7,1,0,3,6,5,4,2,2,3,4,7,22,2,4,9,3,18,39,2,3,11,10,9,33,12,5,36,56,30,22,43,49,41,2,0,1,40,13,50,23,12,17,43,101,9,19,18,14,26,37,35,2,3,12,5,4,8,22,1,7,1,2,4,2,0,4,3,3,4,5,5,2,17,18,12,4,5,3,2,2,14,11,3,6,20,24,10,15,60,46,16,24,94,10,56,43,1,0,0,3,33,56,20,44,12,11,7,8,26,34,5,2,6,7,3,5,5,9,15,2,7,3,1,6,3,6,1,4,1,3,4,4,3,2,1,2,10,2,0,6,11,5,10,11,11,5,1,3,5,14,4,14,1,9,10,15,3,3,6,11,36,25,0,6,5,2,9,9,3,3,3,4,12,11,7,5,16,0
