"","V1","V2"
"spot1",852.1239951,-3032.857618
"spot2",852.1239951,-3132.857618
"spot3",902.1239951,-3132.857618
"spot4",902.1239951,-3082.857618
"spot5",952.1239951,-3132.857618
"spot6",952.1239951,-3082.857618
"spot7",852.1239951,-2882.857618
"spot8",852.1239951,-2932.857618
"spot9",852.1239951,-2982.857618
"spot10",852.1239951,-2832.857618
"spot11",902.1239951,-2932.857618
"spot12",902.1239951,-2982.857618
"spot13",902.1239951,-2882.857618
"spot14",952.1239951,-2882.857618
"spot15",952.1239951,-2932.857618
"spot16",952.1239951,-2832.857618
"spot17",902.1239951,-2832.857618
"spot18",952.1239951,-2982.857618
"spot19",852.1239951,-2782.857618
"spot20",852.1239951,-2682.857618
"spot21",852.1239951,-2632.857618
"spot22",852.1239951,-2732.857618
"spot23",902.1239951,-2682.857618
"spot24",902.1239951,-2732.857618
"spot25",902.1239951,-2782.857618
"spot26",952.1239951,-2782.857618
"spot27",952.1239951,-2632.857618
"spot28",952.1239951,-2682.857618
"spot29",902.1239951,-2632.857618
"spot30",952.1239951,-2732.857618
"spot31",852.1239951,-2482.857618
"spot32",852.1239951,-2532.857618
"spot33",852.1239951,-2432.857618
"spot34",902.1239951,-2582.857618
"spot35",902.1239951,-2532.857618
"spot36",902.1239951,-2432.857618
"spot37",952.1239951,-2582.857618
"spot38",952.1239951,-2532.857618
"spot39",952.1239951,-2432.857618
"spot40",952.1239951,-2482.857618
"spot41",902.1239951,-2482.857618
"spot42",852.1239951,-2382.857618
"spot43",852.1239951,-2332.857618
"spot44",852.1239951,-2282.857618
"spot45",852.1239951,-2232.857618
"spot46",902.1239951,-2232.857618
"spot47",902.1239951,-2282.857618
"spot48",902.1239951,-2332.857618
"spot49",902.1239951,-2382.857618
"spot50",952.1239951,-2232.857618
"spot51",952.1239951,-2382.857618
"spot52",952.1239951,-2332.857618
"spot53",952.1239951,-2282.857618
"spot54",852.1239951,-2132.857618
"spot55",852.1239951,-2182.857618
"spot56",852.1239951,-2082.857618
"spot57",852.1239951,-2032.857618
"spot58",902.1239951,-2182.857618
"spot59",902.1239951,-2082.857618
"spot60",902.1239951,-2132.857618
"spot61",902.1239951,-2032.857618
"spot62",952.1239951,-2182.857618
"spot63",952.1239951,-2032.857618
"spot64",952.1239951,-2082.857618
"spot65",952.1239951,-2132.857618
"spot66",852.1239951,-1832.857618
"spot67",852.1239951,-1932.857618
"spot68",852.1239951,-1882.857618
"spot69",852.1239951,-1982.857618
"spot70",902.1239951,-1932.857618
"spot71",902.1239951,-1882.857618
"spot72",902.1239951,-1982.857618
"spot73",902.1239951,-1832.857618
"spot74",952.1239951,-1932.857618
"spot75",952.1239951,-1882.857618
"spot76",952.1239951,-1982.857618
"spot77",952.1239951,-1832.857618
"spot78",852.1239951,-1732.857618
"spot79",852.1239951,-1782.857618
"spot80",852.1239951,-1682.857618
"spot81",852.1239951,-1632.857618
"spot82",902.1239951,-1732.857618
"spot83",902.1239951,-1782.857618
"spot84",902.1239951,-1632.857618
"spot85",902.1239951,-1682.857618
"spot86",952.1239951,-1632.857618
"spot87",952.1239951,-1782.857618
"spot88",952.1239951,-1682.857618
"spot89",952.1239951,-1732.857618
"spot90",852.1239951,-1482.857618
"spot91",902.1239951,-1582.857618
"spot92",902.1239951,-1482.857618
"spot93",902.1239951,-1532.857618
"spot94",952.1239951,-1532.857618
"spot95",952.1239951,-1482.857618
"spot96",852.1239951,-1532.857618
"spot97",852.1239951,-1582.857618
"spot98",952.1239951,-1582.857618
"spot99",1002.1239951,-1582.857618
"spot100",1002.1239951,-1532.857618
"spot101",1002.1239951,-1482.857618
"spot102",1052.1239951,-1482.857618
"spot103",1052.1239951,-1582.857618
"spot104",1052.1239951,-1532.857618
"spot105",1102.1239951,-1482.857618
"spot106",1102.1239951,-1582.857618
"spot107",1152.1239951,-1482.857618
"spot108",1152.1239951,-1582.857618
"spot109",1152.1239951,-1532.857618
"spot110",1102.1239951,-1532.857618
"spot111",1002.1239951,-1632.857618
"spot112",1002.1239951,-1782.857618
"spot113",1002.1239951,-1682.857618
"spot114",1052.1239951,-1782.857618
"spot115",1052.1239951,-1732.857618
"spot116",1052.1239951,-1682.857618
"spot117",1052.1239951,-1632.857618
"spot118",1102.1239951,-1732.857618
"spot119",1102.1239951,-1782.857618
"spot120",1102.1239951,-1632.857618
"spot121",1102.1239951,-1682.857618
"spot122",1152.1239951,-1732.857618
"spot123",1152.1239951,-1782.857618
"spot124",1152.1239951,-1632.857618
"spot125",1152.1239951,-1682.857618
"spot126",1002.1239951,-1732.857618
"spot127",1002.1239951,-1832.857618
"spot128",1002.1239951,-1882.857618
"spot129",1002.1239951,-1982.857618
"spot130",1002.1239951,-1932.857618
"spot131",1052.1239951,-1982.857618
"spot132",1052.1239951,-1882.857618
"spot133",1052.1239951,-1832.857618
"spot134",1102.1239951,-1882.857618
"spot135",1102.1239951,-1982.857618
"spot136",1102.1239951,-1932.857618
"spot137",1102.1239951,-1832.857618
"spot138",1152.1239951,-1932.857618
"spot139",1152.1239951,-1882.857618
"spot140",1152.1239951,-1832.857618
"spot141",1152.1239951,-1982.857618
"spot142",1052.1239951,-1932.857618
"spot143",1002.1239951,-2182.857618
"spot144",1002.1239951,-2032.857618
"spot145",1002.1239951,-2132.857618
"spot146",1002.1239951,-2082.857618
"spot147",1052.1239951,-2032.857618
"spot148",1052.1239951,-2082.857618
"spot149",1052.1239951,-2132.857618
"spot150",1052.1239951,-2182.857618
"spot151",1102.1239951,-2082.857618
"spot152",1102.1239951,-2132.857618
"spot153",1102.1239951,-2182.857618
"spot154",1102.1239951,-2032.857618
"spot155",1152.1239951,-2182.857618
"spot156",1152.1239951,-2132.857618
"spot157",1152.1239951,-2032.857618
"spot158",1152.1239951,-2082.857618
"spot159",1002.1239951,-2382.857618
"spot160",1002.1239951,-2282.857618
"spot161",1002.1239951,-2232.857618
"spot162",1052.1239951,-2332.857618
"spot163",1052.1239951,-2282.857618
"spot164",1052.1239951,-2382.857618
"spot165",1052.1239951,-2232.857618
"spot166",1102.1239951,-2282.857618
"spot167",1102.1239951,-2232.857618
"spot168",1102.1239951,-2382.857618
"spot169",1152.1239951,-2382.857618
"spot170",1152.1239951,-2282.857618
"spot171",1002.1239951,-2332.857618
"spot172",1152.1239951,-2332.857618
"spot173",1152.1239951,-2232.857618
"spot174",1102.1239951,-2332.857618
"spot175",1002.1239951,-2582.857618
"spot176",1002.1239951,-2482.857618
"spot177",1002.1239951,-2532.857618
"spot178",1002.1239951,-2432.857618
"spot179",1052.1239951,-2582.857618
"spot180",1052.1239951,-2532.857618
"spot181",1052.1239951,-2482.857618
"spot182",1102.1239951,-2482.857618
"spot183",1102.1239951,-2532.857618
"spot184",1102.1239951,-2432.857618
"spot185",1152.1239951,-2582.857618
"spot186",1152.1239951,-2482.857618
"spot187",1152.1239951,-2532.857618
"spot188",1102.1239951,-2582.857618
"spot189",1152.1239951,-2432.857618
"spot190",1052.1239951,-2432.857618
"spot191",1002.1239951,-2632.857618
"spot192",1002.1239951,-2782.857618
"spot193",1002.1239951,-2682.857618
"spot194",1002.1239951,-2732.857618
"spot195",1052.1239951,-2682.857618
"spot196",1052.1239951,-2632.857618
"spot197",1052.1239951,-2782.857618
"spot198",1102.1239951,-2682.857618
"spot199",1102.1239951,-2782.857618
"spot200",1102.1239951,-2732.857618
"spot201",1102.1239951,-2632.857618
"spot202",1152.1239951,-2782.857618
"spot203",1152.1239951,-2732.857618
"spot204",1152.1239951,-2632.857618
"spot205",1152.1239951,-2682.857618
"spot206",1052.1239951,-2732.857618
"spot207",1002.1239951,-2832.857618
"spot208",1002.1239951,-2982.857618
"spot209",1002.1239951,-2932.857618
"spot210",1002.1239951,-2882.857618
"spot211",1052.1239951,-2932.857618
"spot212",1052.1239951,-2982.857618
"spot213",1052.1239951,-2832.857618
"spot214",1052.1239951,-2882.857618
"spot215",1102.1239951,-2832.857618
"spot216",1102.1239951,-2982.857618
"spot217",1102.1239951,-2932.857618
"spot218",1152.1239951,-2932.857618
"spot219",1152.1239951,-2832.857618
"spot220",1152.1239951,-2882.857618
"spot221",1152.1239951,-2982.857618
"spot222",1102.1239951,-2882.857618
"spot223",1002.1239951,-3132.857618
"spot224",1002.1239951,-3032.857618
"spot225",1052.1239951,-3032.857618
"spot226",1102.1239951,-3032.857618
"spot227",1102.1239951,-3132.857618
"spot228",1102.1239951,-3082.857618
"spot229",1152.1239951,-3082.857618
"spot230",1152.1239951,-3032.857618
"spot231",1152.1239951,-3132.857618
"spot232",1052.1239951,-3082.857618
"spot233",1202.1239951,-3032.857618
"spot234",1252.1239951,-3032.857618
"spot235",1302.1239951,-3032.857618
"spot236",1302.1239951,-3132.857618
"spot237",1302.1239951,-3082.857618
"spot238",1352.1239951,-3132.857618
"spot239",1352.1239951,-3082.857618
"spot240",1202.1239951,-3132.857618
"spot241",1252.1239951,-3132.857618
"spot242",1252.1239951,-3082.857618
"spot243",1352.1239951,-3032.857618
"spot244",1202.1239951,-2832.857618
"spot245",1202.1239951,-2882.857618
"spot246",1202.1239951,-2982.857618
"spot247",1202.1239951,-2932.857618
"spot248",1252.1239951,-2982.857618
"spot249",1252.1239951,-2932.857618
"spot250",1252.1239951,-2832.857618
"spot251",1252.1239951,-2882.857618
"spot252",1302.1239951,-2982.857618
"spot253",1302.1239951,-2882.857618
"spot254",1302.1239951,-2932.857618
"spot255",1302.1239951,-2832.857618
"spot256",1352.1239951,-2932.857618
"spot257",1352.1239951,-2832.857618
"spot258",1352.1239951,-2982.857618
"spot259",1352.1239951,-2882.857618
"spot260",1202.1239951,-2732.857618
"spot261",1202.1239951,-2632.857618
"spot262",1202.1239951,-2682.857618
"spot263",1252.1239951,-2732.857618
"spot264",1252.1239951,-2632.857618
"spot265",1302.1239951,-2782.857618
"spot266",1302.1239951,-2732.857618
"spot267",1302.1239951,-2682.857618
"spot268",1302.1239951,-2632.857618
"spot269",1352.1239951,-2782.857618
"spot270",1352.1239951,-2732.857618
"spot271",1202.1239951,-2782.857618
"spot272",1252.1239951,-2682.857618
"spot273",1352.1239951,-2632.857618
"spot274",1252.1239951,-2782.857618
"spot275",1352.1239951,-2682.857618
"spot276",1202.1239951,-2482.857618
"spot277",1202.1239951,-2432.857618
"spot278",1202.1239951,-2582.857618
"spot279",1202.1239951,-2532.857618
"spot280",1252.1239951,-2482.857618
"spot281",1252.1239951,-2532.857618
"spot282",1252.1239951,-2582.857618
"spot283",1252.1239951,-2432.857618
"spot284",1302.1239951,-2532.857618
"spot285",1302.1239951,-2482.857618
"spot286",1302.1239951,-2432.857618
"spot287",1352.1239951,-2432.857618
"spot288",1352.1239951,-2482.857618
"spot289",1352.1239951,-2582.857618
"spot290",1352.1239951,-2532.857618
"spot291",1302.1239951,-2582.857618
"spot292",1202.1239951,-2382.857618
"spot293",1202.1239951,-2282.857618
"spot294",1202.1239951,-2332.857618
"spot295",1202.1239951,-2232.857618
"spot296",1252.1239951,-2382.857618
"spot297",1252.1239951,-2332.857618
"spot298",1252.1239951,-2232.857618
"spot299",1302.1239951,-2332.857618
"spot300",1302.1239951,-2282.857618
"spot301",1302.1239951,-2382.857618
"spot302",1302.1239951,-2232.857618
"spot303",1352.1239951,-2332.857618
"spot304",1352.1239951,-2232.857618
"spot305",1352.1239951,-2382.857618
"spot306",1252.1239951,-2282.857618
"spot307",1352.1239951,-2282.857618
"spot308",1202.1239951,-2132.857618
"spot309",1202.1239951,-2182.857618
"spot310",1202.1239951,-2032.857618
"spot311",1202.1239951,-2082.857618
"spot312",1252.1239951,-2082.857618
"spot313",1252.1239951,-2032.857618
"spot314",1252.1239951,-2182.857618
"spot315",1252.1239951,-2132.857618
"spot316",1302.1239951,-2032.857618
"spot317",1302.1239951,-2182.857618
"spot318",1302.1239951,-2082.857618
"spot319",1302.1239951,-2132.857618
"spot320",1352.1239951,-2132.857618
"spot321",1352.1239951,-2032.857618
"spot322",1352.1239951,-2082.857618
"spot323",1352.1239951,-2182.857618
"spot324",1202.1239951,-1932.857618
"spot325",1202.1239951,-1982.857618
"spot326",1202.1239951,-1882.857618
"spot327",1202.1239951,-1832.857618
"spot328",1252.1239951,-1832.857618
"spot329",1252.1239951,-1882.857618
"spot330",1252.1239951,-1932.857618
"spot331",1252.1239951,-1982.857618
"spot332",1302.1239951,-1982.857618
"spot333",1302.1239951,-1932.857618
"spot334",1302.1239951,-1882.857618
"spot335",1352.1239951,-1982.857618
"spot336",1352.1239951,-1932.857618
"spot337",1352.1239951,-1832.857618
"spot338",1352.1239951,-1882.857618
"spot339",1302.1239951,-1832.857618
"spot340",1202.1239951,-1782.857618
"spot341",1202.1239951,-1682.857618
"spot342",1202.1239951,-1632.857618
"spot343",1202.1239951,-1732.857618
"spot344",1252.1239951,-1782.857618
"spot345",1252.1239951,-1732.857618
"spot346",1252.1239951,-1682.857618
"spot347",1252.1239951,-1632.857618
"spot348",1302.1239951,-1632.857618
"spot349",1302.1239951,-1782.857618
"spot350",1302.1239951,-1682.857618
"spot351",1302.1239951,-1732.857618
"spot352",1352.1239951,-1782.857618
"spot353",1352.1239951,-1632.857618
"spot354",1352.1239951,-1682.857618
"spot355",1352.1239951,-1732.857618
"spot356",1202.1239951,-1582.857618
"spot357",1202.1239951,-1532.857618
"spot358",1202.1239951,-1482.857618
"spot359",1252.1239951,-1482.857618
"spot360",1252.1239951,-1582.857618
"spot361",1302.1239951,-1582.857618
"spot362",1302.1239951,-1532.857618
"spot363",1302.1239951,-1482.857618
"spot364",1352.1239951,-1582.857618
"spot365",1352.1239951,-1532.857618
"spot366",1352.1239951,-1482.857618
"spot367",1252.1239951,-1532.857618
"spot368",1402.1239951,-1582.857618
"spot369",1402.1239951,-1532.857618
"spot370",1402.1239951,-1482.857618
"spot371",1452.1239951,-1582.857618
"spot372",1452.1239951,-1532.857618
"spot373",1502.1239951,-1532.857618
"spot374",1502.1239951,-1582.857618
"spot375",1502.1239951,-1482.857618
"spot376",1552.1239951,-1482.857618
"spot377",1552.1239951,-1532.857618
"spot378",1552.1239951,-1582.857618
"spot379",1452.1239951,-1482.857618
"spot380",1402.1239951,-1632.857618
"spot381",1402.1239951,-1782.857618
"spot382",1402.1239951,-1732.857618
"spot383",1452.1239951,-1782.857618
"spot384",1452.1239951,-1732.857618
"spot385",1452.1239951,-1682.857618
"spot386",1452.1239951,-1632.857618
"spot387",1502.1239951,-1782.857618
"spot388",1502.1239951,-1682.857618
"spot389",1502.1239951,-1732.857618
"spot390",1552.1239951,-1732.857618
"spot391",1552.1239951,-1682.857618
"spot392",1402.1239951,-1682.857618
"spot393",1502.1239951,-1632.857618
"spot394",1552.1239951,-1632.857618
"spot395",1552.1239951,-1782.857618
"spot396",1402.1239951,-1932.857618
"spot397",1402.1239951,-1882.857618
"spot398",1402.1239951,-1982.857618
"spot399",1402.1239951,-1832.857618
"spot400",1452.1239951,-1932.857618
"spot401",1452.1239951,-1882.857618
"spot402",1452.1239951,-1832.857618
"spot403",1452.1239951,-1982.857618
"spot404",1502.1239951,-1982.857618
"spot405",1502.1239951,-1882.857618
"spot406",1502.1239951,-1832.857618
"spot407",1502.1239951,-1932.857618
"spot408",1552.1239951,-1932.857618
"spot409",1552.1239951,-1982.857618
"spot410",1552.1239951,-1832.857618
"spot411",1552.1239951,-1882.857618
"spot412",1402.1239951,-2032.857618
"spot413",1402.1239951,-2082.857618
"spot414",1402.1239951,-2132.857618
"spot415",1452.1239951,-2032.857618
"spot416",1452.1239951,-2182.857618
"spot417",1452.1239951,-2082.857618
"spot418",1502.1239951,-2132.857618
"spot419",1502.1239951,-2032.857618
"spot420",1502.1239951,-2082.857618
"spot421",1552.1239951,-2082.857618
"spot422",1552.1239951,-2182.857618
"spot423",1552.1239951,-2032.857618
"spot424",1402.1239951,-2182.857618
"spot425",1502.1239951,-2182.857618
"spot426",1452.1239951,-2132.857618
"spot427",1552.1239951,-2132.857618
"spot428",1402.1239951,-2232.857618
"spot429",1402.1239951,-2282.857618
"spot430",1402.1239951,-2332.857618
"spot431",1402.1239951,-2382.857618
"spot432",1452.1239951,-2282.857618
"spot433",1452.1239951,-2382.857618
"spot434",1452.1239951,-2232.857618
"spot435",1452.1239951,-2332.857618
"spot436",1502.1239951,-2282.857618
"spot437",1502.1239951,-2332.857618
"spot438",1502.1239951,-2382.857618
"spot439",1502.1239951,-2232.857618
"spot440",1552.1239951,-2232.857618
"spot441",1552.1239951,-2332.857618
"spot442",1552.1239951,-2282.857618
"spot443",1552.1239951,-2382.857618
"spot444",1402.1239951,-2432.857618
"spot445",1402.1239951,-2582.857618
"spot446",1402.1239951,-2482.857618
"spot447",1402.1239951,-2532.857618
"spot448",1452.1239951,-2482.857618
"spot449",1452.1239951,-2532.857618
"spot450",1452.1239951,-2582.857618
"spot451",1452.1239951,-2432.857618
"spot452",1502.1239951,-2482.857618
"spot453",1502.1239951,-2582.857618
"spot454",1502.1239951,-2432.857618
"spot455",1502.1239951,-2532.857618
"spot456",1552.1239951,-2532.857618
"spot457",1552.1239951,-2582.857618
"spot458",1552.1239951,-2482.857618
"spot459",1552.1239951,-2432.857618
"spot460",1402.1239951,-2682.857618
"spot461",1402.1239951,-2632.857618
"spot462",1402.1239951,-2782.857618
"spot463",1402.1239951,-2732.857618
"spot464",1452.1239951,-2632.857618
"spot465",1452.1239951,-2682.857618
"spot466",1452.1239951,-2782.857618
"spot467",1452.1239951,-2732.857618
"spot468",1502.1239951,-2632.857618
"spot469",1502.1239951,-2732.857618
"spot470",1502.1239951,-2782.857618
"spot471",1502.1239951,-2682.857618
"spot472",1552.1239951,-2632.857618
"spot473",1552.1239951,-2682.857618
"spot474",1552.1239951,-2782.857618
"spot475",1552.1239951,-2732.857618
"spot476",1402.1239951,-2932.857618
"spot477",1402.1239951,-2832.857618
"spot478",1402.1239951,-2882.857618
"spot479",1402.1239951,-2982.857618
"spot480",1452.1239951,-2882.857618
"spot481",1452.1239951,-2932.857618
"spot482",1452.1239951,-2832.857618
"spot483",1452.1239951,-2982.857618
"spot484",1502.1239951,-2832.857618
"spot485",1502.1239951,-2882.857618
"spot486",1502.1239951,-2932.857618
"spot487",1502.1239951,-2982.857618
"spot488",1552.1239951,-2882.857618
"spot489",1552.1239951,-2832.857618
"spot490",1552.1239951,-2932.857618
"spot491",1552.1239951,-2982.857618
"spot492",1402.1239951,-3032.857618
"spot493",1402.1239951,-3132.857618
"spot494",1402.1239951,-3082.857618
"spot495",1452.1239951,-3082.857618
"spot496",1502.1239951,-3032.857618
"spot497",1502.1239951,-3132.857618
"spot498",1502.1239951,-3082.857618
"spot499",1552.1239951,-3132.857618
"spot500",1552.1239951,-3082.857618
"spot501",1452.1239951,-3032.857618
"spot502",1552.1239951,-3032.857618
"spot503",1602.1239951,-3132.857618
"spot504",1602.1239951,-3032.857618
"spot505",1602.1239951,-3082.857618
"spot506",1652.1239951,-3032.857618
"spot507",1652.1239951,-3132.857618
"spot508",1652.1239951,-3082.857618
"spot509",1702.1239951,-3032.857618
"spot510",1702.1239951,-3082.857618
"spot511",1752.1239951,-3032.857618
"spot512",1752.1239951,-3082.857618
"spot513",1752.1239951,-3132.857618
"spot514",1702.1239951,-3132.857618
"spot515",1602.1239951,-2832.857618
"spot516",1602.1239951,-2982.857618
"spot517",1602.1239951,-2882.857618
"spot518",1602.1239951,-2932.857618
"spot519",1652.1239951,-2982.857618
"spot520",1652.1239951,-2832.857618
"spot521",1652.1239951,-2882.857618
"spot522",1652.1239951,-2932.857618
"spot523",1702.1239951,-2882.857618
"spot524",1702.1239951,-2982.857618
"spot525",1702.1239951,-2932.857618
"spot526",1752.1239951,-2932.857618
"spot527",1752.1239951,-2882.857618
"spot528",1752.1239951,-2832.857618
"spot529",1752.1239951,-2982.857618
"spot530",1602.1239951,-2782.857618
"spot531",1602.1239951,-2682.857618
"spot532",1602.1239951,-2732.857618
"spot533",1602.1239951,-2632.857618
"spot534",1652.1239951,-2782.857618
"spot535",1652.1239951,-2632.857618
"spot536",1652.1239951,-2732.857618
"spot537",1652.1239951,-2682.857618
"spot538",1702.1239951,-2632.857618
"spot539",1702.1239951,-2732.857618
"spot540",1702.1239951,-2682.857618
"spot541",1702.1239951,-2782.857618
"spot542",1752.1239951,-2732.857618
"spot543",1752.1239951,-2632.857618
"spot544",1752.1239951,-2682.857618
"spot545",1752.1239951,-2782.857618
"spot546",1602.1239951,-2532.857618
"spot547",1602.1239951,-2482.857618
"spot548",1602.1239951,-2582.857618
"spot549",1602.1239951,-2432.857618
"spot550",1652.1239951,-2582.857618
"spot551",1652.1239951,-2482.857618
"spot552",1652.1239951,-2432.857618
"spot553",1652.1239951,-2532.857618
"spot554",1702.1239951,-2532.857618
"spot555",1702.1239951,-2432.857618
"spot556",1702.1239951,-2582.857618
"spot557",1702.1239951,-2482.857618
"spot558",1752.1239951,-2432.857618
"spot559",1752.1239951,-2532.857618
"spot560",1752.1239951,-2582.857618
"spot561",1752.1239951,-2482.857618
"spot562",1602.1239951,-2282.857618
"spot563",1602.1239951,-2332.857618
"spot564",1602.1239951,-2382.857618
"spot565",1602.1239951,-2232.857618
"spot566",1652.1239951,-2332.857618
"spot567",1652.1239951,-2282.857618
"spot568",1702.1239951,-2332.857618
"spot569",1702.1239951,-2382.857618
"spot570",1702.1239951,-2282.857618
"spot571",1702.1239951,-2232.857618
"spot572",1752.1239951,-2282.857618
"spot573",1752.1239951,-2332.857618
"spot574",1752.1239951,-2232.857618
"spot575",1752.1239951,-2382.857618
"spot576",1652.1239951,-2382.857618
"spot577",1652.1239951,-2232.857618
"spot578",1602.1239951,-2132.857618
"spot579",1602.1239951,-2032.857618
"spot580",1602.1239951,-2182.857618
"spot581",1602.1239951,-2082.857618
"spot582",1652.1239951,-2082.857618
"spot583",1652.1239951,-2132.857618
"spot584",1652.1239951,-2032.857618
"spot585",1652.1239951,-2182.857618
"spot586",1702.1239951,-2082.857618
"spot587",1702.1239951,-2182.857618
"spot588",1702.1239951,-2132.857618
"spot589",1702.1239951,-2032.857618
"spot590",1752.1239951,-2032.857618
"spot591",1752.1239951,-2082.857618
"spot592",1752.1239951,-2182.857618
"spot593",1752.1239951,-2132.857618
"spot594",1602.1239951,-1882.857618
"spot595",1602.1239951,-1932.857618
"spot596",1602.1239951,-1982.857618
"spot597",1602.1239951,-1832.857618
"spot598",1652.1239951,-1832.857618
"spot599",1652.1239951,-1882.857618
"spot600",1652.1239951,-1982.857618
"spot601",1702.1239951,-1882.857618
"spot602",1702.1239951,-1932.857618
"spot603",1702.1239951,-1832.857618
"spot604",1702.1239951,-1982.857618
"spot605",1752.1239951,-1832.857618
"spot606",1752.1239951,-1882.857618
"spot607",1752.1239951,-1932.857618
"spot608",1752.1239951,-1982.857618
"spot609",1652.1239951,-1932.857618
"spot610",1602.1239951,-1682.857618
"spot611",1602.1239951,-1732.857618
"spot612",1652.1239951,-1632.857618
"spot613",1652.1239951,-1732.857618
"spot614",1702.1239951,-1782.857618
"spot615",1702.1239951,-1732.857618
"spot616",1702.1239951,-1632.857618
"spot617",1702.1239951,-1682.857618
"spot618",1752.1239951,-1782.857618
"spot619",1752.1239951,-1732.857618
"spot620",1752.1239951,-1632.857618
"spot621",1602.1239951,-1632.857618
"spot622",1602.1239951,-1782.857618
"spot623",1652.1239951,-1782.857618
"spot624",1752.1239951,-1682.857618
"spot625",1652.1239951,-1682.857618
"spot626",1602.1239951,-1482.857618
"spot627",1602.1239951,-1582.857618
"spot628",1602.1239951,-1532.857618
"spot629",1652.1239951,-1482.857618
"spot630",1652.1239951,-1582.857618
"spot631",1702.1239951,-1532.857618
"spot632",1702.1239951,-1482.857618
"spot633",1702.1239951,-1582.857618
"spot634",1752.1239951,-1532.857618
"spot635",1752.1239951,-1582.857618
"spot636",1752.1239951,-1482.857618
"spot637",1652.1239951,-1532.857618
"spot638",1802.1239951,-1532.857618
"spot639",1802.1239951,-1582.857618
"spot640",1802.1239951,-1482.857618
"spot641",1852.1239951,-1482.857618
"spot642",1852.1239951,-1532.857618
"spot643",1852.1239951,-1582.857618
"spot644",1902.1239951,-1582.857618
"spot645",1902.1239951,-1482.857618
"spot646",1902.1239951,-1532.857618
"spot647",1952.1239951,-1532.857618
"spot648",1952.1239951,-1582.857618
"spot649",1952.1239951,-1482.857618
"spot650",1802.1239951,-1682.857618
"spot651",1802.1239951,-1782.857618
"spot652",1802.1239951,-1732.857618
"spot653",1802.1239951,-1632.857618
"spot654",1852.1239951,-1682.857618
"spot655",1852.1239951,-1632.857618
"spot656",1852.1239951,-1782.857618
"spot657",1902.1239951,-1782.857618
"spot658",1902.1239951,-1732.857618
"spot659",1902.1239951,-1632.857618
"spot660",1902.1239951,-1682.857618
"spot661",1952.1239951,-1782.857618
"spot662",1952.1239951,-1732.857618
"spot663",1952.1239951,-1682.857618
"spot664",1852.1239951,-1732.857618
"spot665",1802.1239951,-1932.857618
"spot666",1802.1239951,-1882.857618
"spot667",1802.1239951,-1982.857618
"spot668",1802.1239951,-1832.857618
"spot669",1852.1239951,-1982.857618
"spot670",1852.1239951,-1932.857618
"spot671",1852.1239951,-1882.857618
"spot672",1852.1239951,-1832.857618
"spot673",1902.1239951,-1882.857618
"spot674",1902.1239951,-1982.857618
"spot675",1902.1239951,-1932.857618
"spot676",1952.1239951,-1982.857618
"spot677",1952.1239951,-1832.857618
"spot678",1952.1239951,-1882.857618
"spot679",1902.1239951,-1832.857618
"spot680",1952.1239951,-1932.857618
"spot681",1802.1239951,-2032.857618
"spot682",1802.1239951,-2082.857618
"spot683",1802.1239951,-2132.857618
"spot684",1852.1239951,-2132.857618
"spot685",1852.1239951,-2032.857618
"spot686",1852.1239951,-2182.857618
"spot687",1852.1239951,-2082.857618
"spot688",1902.1239951,-2182.857618
"spot689",1902.1239951,-2132.857618
"spot690",1902.1239951,-2082.857618
"spot691",1902.1239951,-2032.857618
"spot692",1952.1239951,-2132.857618
"spot693",1952.1239951,-2082.857618
"spot694",1952.1239951,-2182.857618
"spot695",1952.1239951,-2032.857618
"spot696",1802.1239951,-2182.857618
"spot697",1802.1239951,-2232.857618
"spot698",1802.1239951,-2282.857618
"spot699",1802.1239951,-2332.857618
"spot700",1802.1239951,-2382.857618
"spot701",1852.1239951,-2332.857618
"spot702",1852.1239951,-2282.857618
"spot703",1852.1239951,-2232.857618
"spot704",1852.1239951,-2382.857618
"spot705",1902.1239951,-2382.857618
"spot706",1902.1239951,-2282.857618
"spot707",1902.1239951,-2232.857618
"spot708",1902.1239951,-2332.857618
"spot709",1952.1239951,-2332.857618
"spot710",1952.1239951,-2282.857618
"spot711",1952.1239951,-2232.857618
"spot712",1952.1239951,-2382.857618
"spot713",1802.1239951,-2432.857618
"spot714",1802.1239951,-2532.857618
"spot715",1802.1239951,-2582.857618
"spot716",1802.1239951,-2482.857618
"spot717",1852.1239951,-2582.857618
"spot718",1852.1239951,-2482.857618
"spot719",1852.1239951,-2532.857618
"spot720",1852.1239951,-2432.857618
"spot721",1902.1239951,-2482.857618
"spot722",1902.1239951,-2582.857618
"spot723",1902.1239951,-2532.857618
"spot724",1902.1239951,-2432.857618
"spot725",1952.1239951,-2582.857618
"spot726",1952.1239951,-2532.857618
"spot727",1952.1239951,-2482.857618
"spot728",1952.1239951,-2432.857618
"spot729",1802.1239951,-2682.857618
"spot730",1802.1239951,-2632.857618
"spot731",1802.1239951,-2732.857618
"spot732",1852.1239951,-2632.857618
"spot733",1852.1239951,-2732.857618
"spot734",1852.1239951,-2782.857618
"spot735",1852.1239951,-2682.857618
"spot736",1902.1239951,-2782.857618
"spot737",1902.1239951,-2732.857618
"spot738",1902.1239951,-2632.857618
"spot739",1902.1239951,-2682.857618
"spot740",1952.1239951,-2732.857618
"spot741",1952.1239951,-2682.857618
"spot742",1952.1239951,-2632.857618
"spot743",1952.1239951,-2782.857618
"spot744",1802.1239951,-2782.857618
"spot745",1802.1239951,-2832.857618
"spot746",1802.1239951,-2882.857618
"spot747",1802.1239951,-2982.857618
"spot748",1802.1239951,-2932.857618
"spot749",1852.1239951,-2832.857618
"spot750",1852.1239951,-2932.857618
"spot751",1852.1239951,-2882.857618
"spot752",1852.1239951,-2982.857618
"spot753",1902.1239951,-2932.857618
"spot754",1902.1239951,-2832.857618
"spot755",1902.1239951,-2882.857618
"spot756",1902.1239951,-2982.857618
"spot757",1952.1239951,-2982.857618
"spot758",1952.1239951,-2882.857618
"spot759",1952.1239951,-2832.857618
"spot760",1952.1239951,-2932.857618
"spot761",1802.1239951,-3082.857618
"spot762",1802.1239951,-3132.857618
"spot763",1852.1239951,-3082.857618
"spot764",1852.1239951,-3032.857618
"spot765",1852.1239951,-3132.857618
"spot766",1902.1239951,-3082.857618
"spot767",1902.1239951,-3132.857618
"spot768",1902.1239951,-3032.857618
"spot769",1952.1239951,-3032.857618
"spot770",1952.1239951,-3132.857618
"spot771",1952.1239951,-3082.857618
"spot772",1802.1239951,-3032.857618
"spot773",2002.1239951,-3032.857618
"spot774",2002.1239951,-3132.857618
"spot775",2052.1239951,-3032.857618
"spot776",2102.1239951,-3132.857618
"spot777",2102.1239951,-3082.857618
"spot778",2102.1239951,-3032.857618
"spot779",2152.1239951,-3032.857618
"spot780",2152.1239951,-3132.857618
"spot781",2052.1239951,-3082.857618
"spot782",2052.1239951,-3132.857618
"spot783",2002.1239951,-3082.857618
"spot784",2152.1239951,-3082.857618
"spot785",2002.1239951,-2832.857618
"spot786",2002.1239951,-2932.857618
"spot787",2002.1239951,-2882.857618
"spot788",2002.1239951,-2982.857618
"spot789",2052.1239951,-2882.857618
"spot790",2052.1239951,-2832.857618
"spot791",2052.1239951,-2932.857618
"spot792",2052.1239951,-2982.857618
"spot793",2102.1239951,-2932.857618
"spot794",2102.1239951,-2832.857618
"spot795",2102.1239951,-2882.857618
"spot796",2102.1239951,-2982.857618
"spot797",2152.1239951,-2982.857618
"spot798",2152.1239951,-2932.857618
"spot799",2152.1239951,-2882.857618
"spot800",2152.1239951,-2832.857618
"spot801",2002.1239951,-2732.857618
"spot802",2002.1239951,-2682.857618
"spot803",2002.1239951,-2782.857618
"spot804",2002.1239951,-2632.857618
"spot805",2052.1239951,-2632.857618
"spot806",2052.1239951,-2682.857618
"spot807",2052.1239951,-2732.857618
"spot808",2052.1239951,-2782.857618
"spot809",2102.1239951,-2682.857618
"spot810",2102.1239951,-2782.857618
"spot811",2102.1239951,-2632.857618
"spot812",2102.1239951,-2732.857618
"spot813",2152.1239951,-2682.857618
"spot814",2152.1239951,-2782.857618
"spot815",2152.1239951,-2732.857618
"spot816",2152.1239951,-2632.857618
"spot817",2002.1239951,-2532.857618
"spot818",2002.1239951,-2582.857618
"spot819",2002.1239951,-2482.857618
"spot820",2002.1239951,-2432.857618
"spot821",2052.1239951,-2582.857618
"spot822",2052.1239951,-2482.857618
"spot823",2052.1239951,-2532.857618
"spot824",2102.1239951,-2582.857618
"spot825",2102.1239951,-2432.857618
"spot826",2102.1239951,-2482.857618
"spot827",2102.1239951,-2532.857618
"spot828",2152.1239951,-2482.857618
"spot829",2152.1239951,-2532.857618
"spot830",2152.1239951,-2582.857618
"spot831",2152.1239951,-2432.857618
"spot832",2052.1239951,-2432.857618
"spot833",2002.1239951,-2232.857618
"spot834",2002.1239951,-2282.857618
"spot835",2002.1239951,-2332.857618
"spot836",2002.1239951,-2382.857618
"spot837",2052.1239951,-2332.857618
"spot838",2052.1239951,-2282.857618
"spot839",2052.1239951,-2232.857618
"spot840",2052.1239951,-2382.857618
"spot841",2102.1239951,-2332.857618
"spot842",2102.1239951,-2232.857618
"spot843",2102.1239951,-2382.857618
"spot844",2102.1239951,-2282.857618
"spot845",2152.1239951,-2332.857618
"spot846",2152.1239951,-2382.857618
"spot847",2152.1239951,-2232.857618
"spot848",2152.1239951,-2282.857618
"spot849",2002.1239951,-2032.857618
"spot850",2002.1239951,-2082.857618
"spot851",2002.1239951,-2182.857618
"spot852",2052.1239951,-2032.857618
"spot853",2052.1239951,-2132.857618
"spot854",2052.1239951,-2082.857618
"spot855",2052.1239951,-2182.857618
"spot856",2102.1239951,-2082.857618
"spot857",2102.1239951,-2032.857618
"spot858",2102.1239951,-2182.857618
"spot859",2102.1239951,-2132.857618
"spot860",2152.1239951,-2182.857618
"spot861",2152.1239951,-2032.857618
"spot862",2152.1239951,-2132.857618
"spot863",2152.1239951,-2082.857618
"spot864",2002.1239951,-2132.857618
"spot865",2002.1239951,-1832.857618
"spot866",2002.1239951,-1982.857618
"spot867",2052.1239951,-1832.857618
"spot868",2052.1239951,-1982.857618
"spot869",2052.1239951,-1932.857618
"spot870",2052.1239951,-1882.857618
"spot871",2102.1239951,-1882.857618
"spot872",2102.1239951,-1982.857618
"spot873",2152.1239951,-1932.857618
"spot874",2152.1239951,-1982.857618
"spot875",2152.1239951,-1832.857618
"spot876",2152.1239951,-1882.857618
"spot877",2002.1239951,-1882.857618
"spot878",2102.1239951,-1832.857618
"spot879",2002.1239951,-1932.857618
"spot880",2102.1239951,-1932.857618
"spot881",2002.1239951,-1732.857618
"spot882",2002.1239951,-1632.857618
"spot883",2002.1239951,-1782.857618
"spot884",2002.1239951,-1682.857618
"spot885",2052.1239951,-1732.857618
"spot886",2052.1239951,-1632.857618
"spot887",2052.1239951,-1782.857618
"spot888",2052.1239951,-1682.857618
"spot889",2102.1239951,-1782.857618
"spot890",2102.1239951,-1682.857618
"spot891",2102.1239951,-1732.857618
"spot892",2102.1239951,-1632.857618
"spot893",2152.1239951,-1632.857618
"spot894",2152.1239951,-1732.857618
"spot895",2152.1239951,-1682.857618
"spot896",2152.1239951,-1782.857618
"spot897",2002.1239951,-1532.857618
"spot898",2052.1239951,-1532.857618
"spot899",2052.1239951,-1482.857618
"spot900",2052.1239951,-1582.857618
"spot901",2102.1239951,-1582.857618
"spot902",2102.1239951,-1532.857618
"spot903",2102.1239951,-1482.857618
"spot904",2152.1239951,-1482.857618
"spot905",2152.1239951,-1532.857618
"spot906",2152.1239951,-1582.857618
"spot907",2002.1239951,-1582.857618
"spot908",2002.1239951,-1482.857618
"spot909",2202.1239951,-1532.857618
"spot910",2202.1239951,-1582.857618
"spot911",2252.1239951,-1482.857618
"spot912",2252.1239951,-1532.857618
"spot913",2302.1239951,-1532.857618
"spot914",2302.1239951,-1582.857618
"spot915",2352.1239951,-1532.857618
"spot916",2352.1239951,-1582.857618
"spot917",2352.1239951,-1482.857618
"spot918",2252.1239951,-1582.857618
"spot919",2302.1239951,-1482.857618
"spot920",2202.1239951,-1482.857618
"spot921",2202.1239951,-1682.857618
"spot922",2202.1239951,-1632.857618
"spot923",2202.1239951,-1782.857618
"spot924",2202.1239951,-1732.857618
"spot925",2252.1239951,-1682.857618
"spot926",2252.1239951,-1732.857618
"spot927",2252.1239951,-1632.857618
"spot928",2252.1239951,-1782.857618
"spot929",2302.1239951,-1632.857618
"spot930",2302.1239951,-1732.857618
"spot931",2352.1239951,-1682.857618
"spot932",2352.1239951,-1632.857618
"spot933",2302.1239951,-1682.857618
"spot934",2302.1239951,-1782.857618
"spot935",2352.1239951,-1732.857618
"spot936",2202.1239951,-1882.857618
"spot937",2202.1239951,-1832.857618
"spot938",2202.1239951,-1932.857618
"spot939",2202.1239951,-1982.857618
"spot940",2252.1239951,-1982.857618
"spot941",2252.1239951,-1932.857618
"spot942",2252.1239951,-1832.857618
"spot943",2252.1239951,-1882.857618
"spot944",2302.1239951,-1882.857618
"spot945",2302.1239951,-1932.857618
"spot946",2302.1239951,-1982.857618
"spot947",2352.1239951,-1982.857618
"spot948",2352.1239951,-1832.857618
"spot949",2352.1239951,-1882.857618
"spot950",2352.1239951,-1932.857618
"spot951",2202.1239951,-2182.857618
"spot952",2202.1239951,-2082.857618
"spot953",2202.1239951,-2032.857618
"spot954",2202.1239951,-2132.857618
"spot955",2252.1239951,-2082.857618
"spot956",2252.1239951,-2032.857618
"spot957",2252.1239951,-2132.857618
"spot958",2252.1239951,-2182.857618
"spot959",2302.1239951,-2182.857618
"spot960",2302.1239951,-2032.857618
"spot961",2302.1239951,-2132.857618
"spot962",2302.1239951,-2082.857618
"spot963",2352.1239951,-2082.857618
"spot964",2352.1239951,-2132.857618
"spot965",2352.1239951,-2032.857618
"spot966",2352.1239951,-2182.857618
"spot967",2202.1239951,-2282.857618
"spot968",2202.1239951,-2232.857618
"spot969",2202.1239951,-2332.857618
"spot970",2252.1239951,-2232.857618
"spot971",2252.1239951,-2282.857618
"spot972",2252.1239951,-2382.857618
"spot973",2252.1239951,-2332.857618
"spot974",2302.1239951,-2332.857618
"spot975",2302.1239951,-2232.857618
"spot976",2302.1239951,-2282.857618
"spot977",2352.1239951,-2232.857618
"spot978",2352.1239951,-2282.857618
"spot979",2352.1239951,-2382.857618
"spot980",2202.1239951,-2382.857618
"spot981",2302.1239951,-2382.857618
"spot982",2352.1239951,-2332.857618
"spot983",2202.1239951,-2532.857618
"spot984",2202.1239951,-2582.857618
"spot985",2202.1239951,-2432.857618
"spot986",2202.1239951,-2482.857618
"spot987",2252.1239951,-2582.857618
"spot988",2252.1239951,-2532.857618
"spot989",2252.1239951,-2482.857618
"spot990",2252.1239951,-2432.857618
"spot991",2302.1239951,-2482.857618
"spot992",2302.1239951,-2582.857618
"spot993",2302.1239951,-2532.857618
"spot994",2302.1239951,-2432.857618
"spot995",2352.1239951,-2482.857618
"spot996",2352.1239951,-2532.857618
"spot997",2352.1239951,-2432.857618
"spot998",2352.1239951,-2582.857618
"spot999",2202.1239951,-2732.857618
"spot1000",2202.1239951,-2632.857618
"spot1001",2202.1239951,-2682.857618
"spot1002",2202.1239951,-2782.857618
"spot1003",2252.1239951,-2682.857618
"spot1004",2252.1239951,-2732.857618
"spot1005",2252.1239951,-2782.857618
"spot1006",2302.1239951,-2732.857618
"spot1007",2302.1239951,-2682.857618
"spot1008",2302.1239951,-2782.857618
"spot1009",2352.1239951,-2632.857618
"spot1010",2352.1239951,-2682.857618
"spot1011",2352.1239951,-2732.857618
"spot1012",2302.1239951,-2632.857618
"spot1013",2352.1239951,-2782.857618
"spot1014",2252.1239951,-2632.857618
"spot1015",2202.1239951,-2882.857618
"spot1016",2202.1239951,-2982.857618
"spot1017",2202.1239951,-2932.857618
"spot1018",2202.1239951,-2832.857618
"spot1019",2252.1239951,-2982.857618
"spot1020",2252.1239951,-2882.857618
"spot1021",2252.1239951,-2932.857618
"spot1022",2252.1239951,-2832.857618
"spot1023",2302.1239951,-2882.857618
"spot1024",2302.1239951,-2982.857618
"spot1025",2302.1239951,-2932.857618
"spot1026",2352.1239951,-2982.857618
"spot1027",2352.1239951,-2882.857618
"spot1028",2352.1239951,-2932.857618
"spot1029",2302.1239951,-2832.857618
"spot1030",2352.1239951,-2832.857618
"spot1031",2202.1239951,-3132.857618
"spot1032",2202.1239951,-3082.857618
"spot1033",2202.1239951,-3032.857618
"spot1034",2252.1239951,-3082.857618
"spot1035",2252.1239951,-3132.857618
"spot1036",2252.1239951,-3032.857618
"spot1037",2302.1239951,-3132.857618
"spot1038",2302.1239951,-3082.857618
"spot1039",2302.1239951,-3032.857618
"spot1040",2352.1239951,-3132.857618
"spot1041",2352.1239951,-3082.857618
"spot1042",2352.1239951,-3032.857618
"spot1043",2402.1239951,-3132.857618
"spot1044",2402.1239951,-3082.857618
"spot1045",2452.1239951,-3082.857618
"spot1046",2452.1239951,-3132.857618
"spot1047",2452.1239951,-3032.857618
"spot1048",2502.1239951,-3132.857618
"spot1049",2502.1239951,-3082.857618
"spot1050",2402.1239951,-2932.857618
"spot1051",2402.1239951,-2832.857618
"spot1052",2402.1239951,-2882.857618
"spot1053",2452.1239951,-2932.857618
"spot1054",2452.1239951,-2882.857618
"spot1055",2452.1239951,-2982.857618
"spot1056",2452.1239951,-2832.857618
"spot1057",2502.1239951,-2882.857618
"spot1058",2502.1239951,-2832.857618
"spot1059",2502.1239951,-2932.857618
"spot1060",2402.1239951,-2632.857618
"spot1061",2402.1239951,-2732.857618
"spot1062",2402.1239951,-2682.857618
"spot1063",2452.1239951,-2732.857618
"spot1064",2452.1239951,-2682.857618
"spot1065",2452.1239951,-2782.857618
"spot1066",2452.1239951,-2632.857618
"spot1067",2502.1239951,-2682.857618
"spot1068",2502.1239951,-2632.857618
"spot1069",2502.1239951,-2732.857618
"spot1070",2502.1239951,-2782.857618
"spot1071",2402.1239951,-2782.857618
"spot1072",2402.1239951,-2532.857618
"spot1073",2402.1239951,-2482.857618
"spot1074",2402.1239951,-2582.857618
"spot1075",2402.1239951,-2432.857618
"spot1076",2452.1239951,-2532.857618
"spot1077",2452.1239951,-2482.857618
"spot1078",2452.1239951,-2582.857618
"spot1079",2502.1239951,-2482.857618
"spot1080",2502.1239951,-2432.857618
"spot1081",2502.1239951,-2582.857618
"spot1082",2502.1239951,-2532.857618
"spot1083",2452.1239951,-2432.857618
"spot1084",2402.1239951,-2282.857618
"spot1085",2402.1239951,-2232.857618
"spot1086",2402.1239951,-2382.857618
"spot1087",2402.1239951,-2332.857618
"spot1088",2452.1239951,-2382.857618
"spot1089",2452.1239951,-2282.857618
"spot1090",2452.1239951,-2332.857618
"spot1091",2452.1239951,-2232.857618
"spot1092",2502.1239951,-2382.857618
"spot1093",2502.1239951,-2282.857618
"spot1094",2502.1239951,-2332.857618
"spot1095",2402.1239951,-2032.857618
"spot1096",2402.1239951,-2082.857618
"spot1097",2402.1239951,-2182.857618
"spot1098",2452.1239951,-2132.857618
"spot1099",2452.1239951,-2182.857618
"spot1100",2452.1239951,-2082.857618
"spot1101",2452.1239951,-2032.857618
"spot1102",2502.1239951,-2132.857618
"spot1103",2502.1239951,-2032.857618
"spot1104",2502.1239951,-2182.857618
"spot1105",2502.1239951,-2082.857618
"spot1106",2402.1239951,-2132.857618
"spot1107",2402.1239951,-1932.857618
"spot1108",2402.1239951,-1882.857618
"spot1109",2402.1239951,-1982.857618
"spot1110",2402.1239951,-1832.857618
"spot1111",2452.1239951,-1982.857618
"spot1112",2452.1239951,-1932.857618
"spot1113",2452.1239951,-1832.857618
"spot1114",2452.1239951,-1882.857618
"spot1115",2502.1239951,-1882.857618
"spot1116",2502.1239951,-1832.857618
"spot1117",2502.1239951,-1932.857618
"spot1118",2502.1239951,-1982.857618
"spot1119",2402.1239951,-1782.857618
"spot1120",2402.1239951,-1682.857618
"spot1121",2402.1239951,-1732.857618
"spot1122",2402.1239951,-1632.857618
"spot1123",2452.1239951,-1632.857618
"spot1124",2452.1239951,-1682.857618
"spot1125",2452.1239951,-1782.857618
"spot1126",2452.1239951,-1732.857618
"spot1127",2502.1239951,-1632.857618
"spot1128",2502.1239951,-1782.857618
"spot1129",2502.1239951,-1732.857618
"spot1130",2502.1239951,-1682.857618
"spot1131",2402.1239951,-1582.857618
"spot1133",2402.1239951,-1482.857618
"spot1134",2452.1239951,-1582.857618
"spot1135",2502.1239951,-1582.857618
"spot1136",2502.1239951,-1482.857618
"spot1137",2502.1239951,-1532.857618
"spot1138",852.1239951,-2582.857618
"spot1139",1952.1239951,-1632.857618
"spot1140",2302.1239951,-1832.857618
"spot1141",2352.1239951,-1782.857618
